/*create database fitmax;*/
/*use fitmax;*/

/*select * from role;*/
insert into role(role_id,role_name,description) values ('ROLE01','Admin','');
insert into role(role_id,role_name,description) values ('ROLE02','Studio Manager','');
insert into role(role_id,role_name,description) values ('ROLE03','Assistant','');
insert into role(role_id,role_name,description) values ('ROLE04','Trainer','');
insert into role(role_id,role_name,description) values ('ROLE05','Trainee','');

/*select * from city;*/
insert into city(city_name) values ('Ha Noi');
insert into city(city_name) values ('Ho Chi Minh');
insert into city(city_name) values ('Da Nang');

/*select * from district;*/
insert into district(district_name,city_id) values ('Hai Ba Trung',1);
insert into district(district_name,city_id) values ('Dong Da',1);
insert into district(district_name,city_id) values ('Thanh Xuan',1);
insert into district(district_name,city_id) values ('Hoan Kiem',1);
insert into district(district_name,city_id) values ('Cau Giay',1);
insert into district(district_name,city_id) values ('Thu Duc',2);
insert into district(district_name,city_id) values ('Quan 4',2);
insert into district(district_name,city_id) values ('Quan 7',2);
insert into district(district_name,city_id) values ('Quan 2',2);
insert into district(district_name,city_id) values ('Tan Binh',2);
insert into district(district_name,city_id) values ('Thanh Khe',3);
insert into district(district_name,city_id) values ('Hai Chau',3);
insert into district(district_name,city_id) values ('Ngu Hanh Son',3);
insert into district(district_name,city_id) values ('Cam Le',3);
insert into district(district_name,city_id) values ('Son Tra',3);

/*select * from studio;*/


insert into studio(studio_id,district_id,contact,image,studio_name,road,status,created_date) values ('STU001',1,'','https://firebasestorage.googleapis.com/v0/b/fitness-fitmax-01.appspot.com/o/gym2.jpg?alt=media&token=83b7d65e-b33d-48d5-aa24-a490b076c19c','Gym Ha Noi A','458 Minh Khai',1,CURDATE());
insert into studio(studio_id,district_id,contact,image,studio_name,road,status,created_date) values ('STU002',2,'','https://firebasestorage.googleapis.com/v0/b/fitness-fitmax-01.appspot.com/o/gym3.jpg?alt=media&token=c9ec6f49-a56f-40c8-84fe-b81d1ea34ef3','Gym Ha Noi B','88 Lang Ha',1,CURDATE());
insert into studio(studio_id,district_id,contact,image,studio_name,road,status,created_date) values ('STU003',3,'','https://firebasestorage.googleapis.com/v0/b/fitness-fitmax-01.appspot.com/o/gym3.jpg?alt=media&token=c9ec6f49-a56f-40c8-84fe-b81d1ea34ef3','Gym Ha Noi C','72A Nguyen Trai',1,CURDATE());
insert into studio(studio_id,district_id,contact,image,studio_name,road,status,created_date) values ('STU004',4,'','https://firebasestorage.googleapis.com/v0/b/fitness-fitmax-01.appspot.com/o/gym4.jpg?alt=media&token=24d4d9df-d2b6-4230-afc3-8c13cc61669d','Gym Ha Noi D','1 Hang Da',1,CURDATE());
insert into studio(studio_id,district_id,contact,image,studio_name,road,status,created_date) values ('STU005',5,'','https://firebasestorage.googleapis.com/v0/b/fitness-fitmax-01.appspot.com/o/gym4.jpg?alt=media&token=24d4d9df-d2b6-4230-afc3-8c13cc61669d','Gym Ha Noi E','173 Xuan Thuy',1,CURDATE());
insert into studio(studio_id,district_id,contact,image,studio_name,road,status,created_date) values ('STU006',6,'','https://firebasestorage.googleapis.com/v0/b/fitness-fitmax-01.appspot.com/o/gym3.jpg?alt=media&token=c9ec6f49-a56f-40c8-84fe-b81d1ea34ef3','Gym HCM A','216 Vo Van Ngan',1,CURDATE());
insert into studio(studio_id,district_id,contact,image,studio_name,road,status,created_date) values ('STU007',7,'','https://firebasestorage.googleapis.com/v0/b/fitness-fitmax-01.appspot.com/o/gym2.jpg?alt=media&token=83b7d65e-b33d-48d5-aa24-a490b076c19c','Gym HCM B','346 Ben Van Don',1,CURDATE());
insert into studio(studio_id,district_id,contact,image,studio_name,road,status,created_date) values ('STU008',8,'','https://firebasestorage.googleapis.com/v0/b/fitness-fitmax-01.appspot.com/o/gym3.jpg?alt=media&token=c9ec6f49-a56f-40c8-84fe-b81d1ea34ef3','Gym HCM C','1058 Nguyen Van Linh',1,CURDATE());
insert into studio(studio_id,district_id,contact,image,studio_name,road,status,created_date) values ('STU009',9,'','https://firebasestorage.googleapis.com/v0/b/fitness-fitmax-01.appspot.com/o/gym2.jpg?alt=media&token=83b7d65e-b33d-48d5-aa24-a490b076c19c','Gym HCM D','12 Quoc Huong',1,CURDATE());
insert into studio(studio_id,district_id,contact,image,studio_name,road,status,created_date) values ('STU010',10,'','https://firebasestorage.googleapis.com/v0/b/fitness-fitmax-01.appspot.com/o/gym4.jpg?alt=media&token=24d4d9df-d2b6-4230-afc3-8c13cc61669d','Gym HCM E','20 Cong Hoa',1,CURDATE());
insert into studio(studio_id,district_id,contact,image,studio_name,road,status,created_date) values ('STU011',11,'','https://firebasestorage.googleapis.com/v0/b/fitness-fitmax-01.appspot.com/o/gym2.jpg?alt=media&token=83b7d65e-b33d-48d5-aa24-a490b076c19c','Gym Da Nang A','271 Nguyen Van Linh',1,CURDATE());
insert into studio(studio_id,district_id,contact,image,studio_name,road,status,created_date) values ('STU012',12,'','https://firebasestorage.googleapis.com/v0/b/fitness-fitmax-01.appspot.com/o/gym4.jpg?alt=media&token=24d4d9df-d2b6-4230-afc3-8c13cc61669d','Gym Da Nang B','2 Nguyen Tat Thanh',1,CURDATE());
insert into studio(studio_id,district_id,contact,image,studio_name,road,status,created_date) values ('STU013',13,'','https://firebasestorage.googleapis.com/v0/b/fitness-fitmax-01.appspot.com/o/gym3.jpg?alt=media&token=c9ec6f49-a56f-40c8-84fe-b81d1ea34ef3','Gym Da Nang C','18 Vo Nguyen Giap',1,CURDATE());
insert into studio(studio_id,district_id,contact,image,studio_name,road,status,created_date) values ('STU014',14,'','https://firebasestorage.googleapis.com/v0/b/fitness-fitmax-01.appspot.com/o/gym3.jpg?alt=media&token=c9ec6f49-a56f-40c8-84fe-b81d1ea34ef3','Gym Da Nang D','149 Truong Chinh',1,CURDATE());
insert into studio(studio_id,district_id,contact,image,studio_name,road,status,created_date) values ('STU015',15,'','https://firebasestorage.googleapis.com/v0/b/fitness-fitmax-01.appspot.com/o/gym2.jpg?alt=media&token=83b7d65e-b33d-48d5-aa24-a490b076c19c','Gym Da Nang E','45 Yet Kieu',1,CURDATE());


/*select * from user*/
insert into user(email,password,first_name,last_name,role_id,status,created_date) values ('fivemonkey.co@gmail.com','123456','Monkey','Five','ROLE01',1,CURDATE());
insert into user(email,password,first_name,last_name,role_id,city_id,status,studio_id,created_date) values ('hungha19156@gmail.com','hungha1915','Ha','Pham','ROLE02',1,1,'STU001',CURDATE());
insert into user(email,password,first_name,last_name,role_id,city_id,status,studio_id,created_date) values ('tuanduong144@gmail.com','123456','Tuan','Duong','ROLE02',1,1,'STU004',CURDATE());
insert into user(email,password,first_name,last_name,role_id,city_id,status,studio_id,created_date) values ('huy191101@gmail.com','123456','Huy','Duong','ROLE02',1,1,'STU007',CURDATE());
insert into user(email,password,first_name,last_name,role_id,city_id,status,studio_id,created_date) values ('nguyenvanduc14012000@gmail.com','123456','Duc','Nguyen','ROLE02',1,1,'STU010',CURDATE());
insert into user(email,password,first_name,last_name,role_id,city_id,status,studio_id,created_date) values ('parkhunjk@gmail.com','123456','Viet Anh','Cao','ROLE02',1,1,'STU013',CURDATE());
insert into user(email,password,first_name,last_name,role_id,city_id,status,studio_id,created_date) values ('davidpham95aka201@gmail.com','123456','A','Nguyen','ROLE03',1,1,'STU001',CURDATE());
insert into user(email,password,first_name,last_name,role_id,city_id,status,studio_id,created_date) values ('assistant1.1@gmail.com','123456','A','Nguyen','ROLE03',1,1,'STU001',CURDATE());
insert into user(email,password,first_name,last_name,role_id,city_id,status,studio_id,created_date) values ('assistant1.2@gmail.com','123456','A','Nguyen','ROLE03',1,1,'STU001',CURDATE());
insert into user(email,password,first_name,last_name,role_id,city_id,status,studio_id,created_date) values ('davidpham95aka2011@gmail.com','123456','A','Nguyen','ROLE03',1,1,'STU002',CURDATE());
insert into user(email,password,first_name,last_name,role_id,city_id,status,studio_id,created_date) values ('davidpham95aka2012@gmail.com','123456','A','Nguyen','ROLE03',1,1,'STU003',CURDATE());
insert into user(email,password,first_name,last_name,role_id,city_id,status,studio_id,created_date) values ('davidpham95aka2013@gmail.com','123456','A','Nguyen','ROLE03',1,1,'STU004',CURDATE());
insert into user(email,password,first_name,last_name,role_id,city_id,status,studio_id,created_date) values ('davidpham95aka2014@gmail.com','123456','A','Nguyen','ROLE03',1,1,'STU005',CURDATE());
insert into user(email,password,first_name,last_name,role_id,city_id,status,studio_id,created_date) values ('ducnvhe141646@fpt.edu.vn','123456','Duc','Nguyen','ROLE04',1,1,'STU001',CURDATE());
insert into user(email,password,first_name,last_name,role_id,city_id,status,studio_id,created_date) values ('trainer1.1@gmail.com','123456','Duc','Nguyen','ROLE04',1,1,'STU001',CURDATE());
insert into user(email,password,first_name,last_name,role_id,city_id,status,studio_id,created_date) values ('trainer1.2@gmail.com','123456','Duc','Nguyen','ROLE04',1,1,'STU001',CURDATE());
insert into user(email,password,first_name,last_name,role_id,city_id,status,studio_id,created_date) values ('trainer1.3@gmail.com','123456','Duc','Nguyen','ROLE04',1,1,'STU001',CURDATE());
insert into user(email,password,first_name,last_name,role_id,city_id,status,studio_id,created_date) values ('trainer1.4@gmail.com','123456','Duc','Nguyen','ROLE04',1,1,'STU001',CURDATE());
insert into user(email,password,first_name,last_name,role_id,city_id,status,studio_id,created_date) values ('trainer1.5@gmail.com','123456','Duc','Nguyen','ROLE04',1,1,'STU001',CURDATE());
insert into user(email,password,first_name,last_name,role_id,city_id,status,studio_id,created_date) values ('trainer1.6@gmail.com','123456','Duc','Nguyen','ROLE04',1,1,'STU001',CURDATE());
insert into user(email,password,first_name,last_name,role_id,city_id,status,studio_id,created_date) values ('trainer1.7@gmail.com','123456','Duc','Nguyen','ROLE04',1,1,'STU001',CURDATE());
insert into user(email,password,first_name,last_name,role_id,city_id,status,studio_id,created_date) values ('trainer1.8@gmail.com','123456','Duc','Nguyen','ROLE04',1,1,'STU001',CURDATE());
insert into user(email,password,first_name,last_name,role_id,city_id,status,created_date) values ('haphhe151269@fpt.edu.vn','123456','Ha','Pham','ROLE05',1,1,CURDATE());
insert into user(email,password,first_name,last_name,role_id,city_id,status,created_date) values ('traineecity1.1@fpt.edu.vn','123456','','','ROLE05',1,1,CURDATE());
insert into user(email,password,first_name,last_name,role_id,city_id,status,created_date) values ('traineecity1.2@fpt.edu.vn','123456','','','ROLE05',1,1,CURDATE());
insert into user(email,password,first_name,last_name,role_id,city_id,status,created_date) values ('traineecity1.3@fpt.edu.vn','123456','','','ROLE05',1,1,CURDATE());
insert into user(email,password,first_name,last_name,role_id,city_id,status,created_date) values ('traineecity1.4@fpt.edu.vn','123456','','','ROLE05',1,1,CURDATE());
insert into user(email,password,first_name,last_name,role_id,city_id,status,created_date) values ('traineecity1.5@fpt.edu.vn','123456','','','ROLE05',1,1,CURDATE());
insert into user(email,password,first_name,last_name,role_id,city_id,status,created_date) values ('traineecity1.6@fpt.edu.vn','123456','','','ROLE05',1,1,CURDATE());
insert into user(email,password,first_name,last_name,role_id,city_id,status,created_date) values ('anhcvhe150742@fpt.edu.vn','123456','','','ROLE01',1,1,CURDATE());

insert into user(email,password,first_name,last_name,role_id,city_id,status,studio_id,created_date) values ('hungha191561@gmail.com','hungha1915','Ha','Pham','ROLE02',2,1,'STU002',CURDATE());
insert into user(email,password,first_name,last_name,role_id,city_id,status,studio_id,created_date) values ('tuanduong1441@gmail.com','123456','Tuan','Duong','ROLE02',2,1,'STU005',CURDATE());
insert into user(email,password,first_name,last_name,role_id,city_id,status,studio_id,created_date) values ('huy1911011@gmail.com','123456','Huy','Duong','ROLE02',2,1,'STU008',CURDATE());
insert into user(email,password,first_name,last_name,role_id,city_id,status,studio_id,created_date) values ('nguyenvanduc140120001@gmail.com','123456','Duc','Nguyen','ROLE02',2,1,'STU011',CURDATE());
insert into user(email,password,first_name,last_name,role_id,city_id,status,studio_id,created_date) values ('parkhunjk1@gmail.com','123456','Viet Anh','Cao','ROLE02',2,1,'STU014',CURDATE());
insert into user(email,password,first_name,last_name,role_id,city_id,status,studio_id,created_date) values ('davidpham95aka2015@gmail.com','123456','A','Nguyen','ROLE03',2,1,'STU006',CURDATE());
insert into user(email,password,first_name,last_name,role_id,city_id,status,studio_id,created_date) values ('assistant6.1@gmail.com','123456','A','Nguyen','ROLE03',1,1,'STU006',CURDATE());
insert into user(email,password,first_name,last_name,role_id,city_id,status,studio_id,created_date) values ('assistant6.2@gmail.com','123456','A','Nguyen','ROLE03',1,1,'STU006',CURDATE());
insert into user(email,password,first_name,last_name,role_id,city_id,status,studio_id,created_date) values ('davidpham95aka2016@gmail.com','123456','A','Nguyen','ROLE03',2,1,'STU007',CURDATE());
insert into user(email,password,first_name,last_name,role_id,city_id,status,studio_id,created_date) values ('davidpham95aka2017@gmail.com','123456','A','Nguyen','ROLE03',2,1,'STU008',CURDATE());
insert into user(email,password,first_name,last_name,role_id,city_id,status,studio_id,created_date) values ('davidpham95aka2018@gmail.com','123456','A','Nguyen','ROLE03',2,1,'STU009',CURDATE());
insert into user(email,password,first_name,last_name,role_id,city_id,status,studio_id,created_date) values ('davidpham95aka2019@gmail.com','123456','A','Nguyen','ROLE03',2,1,'STU010',CURDATE());
insert into user(email,password,first_name,last_name,role_id,city_id,status,studio_id,created_date) values ('ducnvhe1416461@fpt.edu.vn','123456','Duc','Nguyen','ROLE04',2,1,'STU006',CURDATE());
insert into user(email,password,first_name,last_name,role_id,city_id,status,studio_id,created_date) values ('trainer6.1@gmail.com','123456','Duc','Nguyen','ROLE04',1,1,'STU006',CURDATE());
insert into user(email,password,first_name,last_name,role_id,city_id,status,studio_id,created_date) values ('trainer6.2@gmail.com','123456','Duc','Nguyen','ROLE04',1,1,'STU006',CURDATE());
insert into user(email,password,first_name,last_name,role_id,city_id,status,studio_id,created_date) values ('trainer6.3@gmail.com','123456','Duc','Nguyen','ROLE04',1,1,'STU006',CURDATE());
insert into user(email,password,first_name,last_name,role_id,city_id,status,studio_id,created_date) values ('trainer6.4@gmail.com','123456','Duc','Nguyen','ROLE04',1,1,'STU006',CURDATE());
insert into user(email,password,first_name,last_name,role_id,city_id,status,studio_id,created_date) values ('trainer6.5@gmail.com','123456','Duc','Nguyen','ROLE04',1,1,'STU006',CURDATE());
insert into user(email,password,first_name,last_name,role_id,city_id,status,studio_id,created_date) values ('trainer6.6@gmail.com','123456','Duc','Nguyen','ROLE04',1,1,'STU006',CURDATE());
insert into user(email,password,first_name,last_name,role_id,city_id,status,studio_id,created_date) values ('trainer6.7@gmail.com','123456','Duc','Nguyen','ROLE04',1,1,'STU006',CURDATE());
insert into user(email,password,first_name,last_name,role_id,city_id,status,studio_id,created_date) values ('trainer6.8@gmail.com','123456','Duc','Nguyen','ROLE04',1,1,'STU006',CURDATE());
insert into user(email,password,first_name,last_name,role_id,city_id,status,created_date) values ('haphhe1512691@fpt.edu.vn','123456','Ha','Pham','ROLE05',2,1,CURDATE());
insert into user(email,password,first_name,last_name,role_id,city_id,status,created_date) values ('traineecity2.1@fpt.edu.vn','123456','','','ROLE05',2,1,CURDATE());
insert into user(email,password,first_name,last_name,role_id,city_id,status,created_date) values ('traineecity2.2@fpt.edu.vn','123456','','','ROLE05',2,1,CURDATE());
insert into user(email,password,first_name,last_name,role_id,city_id,status,created_date) values ('traineecity2.3@fpt.edu.vn','123456','','','ROLE05',2,1,CURDATE());
insert into user(email,password,first_name,last_name,role_id,city_id,status,created_date) values ('traineecity2.4@fpt.edu.vn','123456','','','ROLE05',2,1,CURDATE());
insert into user(email,password,first_name,last_name,role_id,city_id,status,created_date) values ('traineecity2.5@fpt.edu.vn','123456','','','ROLE05',2,1,CURDATE());
insert into user(email,password,first_name,last_name,role_id,city_id,status,created_date) values ('traineecity2.6@fpt.edu.vn','123456','','','ROLE05',2,1,CURDATE());

insert into user(email,password,first_name,last_name,role_id,city_id,status,studio_id,created_date) values ('hungha191562@gmail.com','hungha1915','Ha','Pham','ROLE02',3,1,'STU003',CURDATE());
insert into user(email,password,first_name,last_name,role_id,city_id,status,studio_id,created_date) values ('tuanduong1442@gmail.com','123456','Tuan','Duong','ROLE02',3,1,'STU006',CURDATE());
insert into user(email,password,first_name,last_name,role_id,city_id,status,studio_id,created_date) values ('huy1911012@gmail.com','123456','Huy','Duong','ROLE02',3,1,'STU009',CURDATE());
insert into user(email,password,first_name,last_name,role_id,city_id,status,studio_id,created_date) values ('nguyenvanduc140120002@gmail.com','123456','Duc','Nguyen','ROLE02',3,1,'STU012',CURDATE());
insert into user(email,password,first_name,last_name,role_id,city_id,status,studio_id,created_date) values ('parkhunjk2@gmail.com','123456','Viet Anh','Cao','ROLE02',3,1,'STU015',CURDATE());
insert into user(email,password,first_name,last_name,role_id,city_id,status,studio_id,created_date) values ('davidpham95aka20110@gmail.com','123456','A','Nguyen','ROLE03',3,1,'STU011',CURDATE());
insert into user(email,password,first_name,last_name,role_id,city_id,status,studio_id,created_date) values ('assistant11.1@gmail.com','123456','A','Nguyen','ROLE03',1,1,'STU011',CURDATE());
insert into user(email,password,first_name,last_name,role_id,city_id,status,studio_id,created_date) values ('assistant11.2@gmail.com','123456','A','Nguyen','ROLE03',1,1,'STU011',CURDATE());
insert into user(email,password,first_name,last_name,role_id,city_id,status,studio_id,created_date) values ('davidpham95aka20111@gmail.com','123456','A','Nguyen','ROLE03',3,1,'STU012',CURDATE());
insert into user(email,password,first_name,last_name,role_id,city_id,status,studio_id,created_date) values ('davidpham95aka20112@gmail.com','123456','A','Nguyen','ROLE03',3,1,'STU013',CURDATE());
insert into user(email,password,first_name,last_name,role_id,city_id,status,studio_id,created_date) values ('davidpham95aka20113@gmail.com','123456','A','Nguyen','ROLE03',3,1,'STU014',CURDATE());
insert into user(email,password,first_name,last_name,role_id,city_id,status,studio_id,created_date) values ('davidpham95aka20114@gmail.com','123456','A','Nguyen','ROLE03',3,1,'STU015',CURDATE());
insert into user(email,password,first_name,last_name,role_id,city_id,status,studio_id,created_date) values ('ducnvhe1416462@fpt.edu.vn','123456','Duc','Nguyen','ROLE04',3,1,'STU011',CURDATE());
insert into user(email,password,first_name,last_name,role_id,city_id,status,studio_id,created_date) values ('trainer11.1@gmail.com','123456','Duc','Nguyen','ROLE04',1,1,'STU011',CURDATE());
insert into user(email,password,first_name,last_name,role_id,city_id,status,studio_id,created_date) values ('trainer11.2@gmail.com','123456','Duc','Nguyen','ROLE04',1,1,'STU011',CURDATE());
insert into user(email,password,first_name,last_name,role_id,city_id,status,studio_id,created_date) values ('trainer11.3@gmail.com','123456','Duc','Nguyen','ROLE04',1,1,'STU011',CURDATE());
insert into user(email,password,first_name,last_name,role_id,city_id,status,studio_id,created_date) values ('trainer11.4@gmail.com','123456','Duc','Nguyen','ROLE04',1,1,'STU011',CURDATE());
insert into user(email,password,first_name,last_name,role_id,city_id,status,studio_id,created_date) values ('trainer11.5@gmail.com','123456','Duc','Nguyen','ROLE04',1,1,'STU011',CURDATE());
insert into user(email,password,first_name,last_name,role_id,city_id,status,studio_id,created_date) values ('trainer11.6@gmail.com','123456','Duc','Nguyen','ROLE04',1,1,'STU011',CURDATE());
insert into user(email,password,first_name,last_name,role_id,city_id,status,studio_id,created_date) values ('trainer11.7@gmail.com','123456','Duc','Nguyen','ROLE04',1,1,'STU011',CURDATE());
insert into user(email,password,first_name,last_name,role_id,city_id,status,studio_id,created_date) values ('trainer11.8@gmail.com','123456','Duc','Nguyen','ROLE04',1,1,'STU011',CURDATE());
insert into user(email,password,first_name,last_name,role_id,city_id,status,created_date) values ('haphhe1512692@fpt.edu.vn','123456','Ha','Pham','ROLE05',3,1,CURDATE());
insert into user(email,password,first_name,last_name,role_id,city_id,status,created_date) values ('traineecity3.1@fpt.edu.vn','123456','','','ROLE05',3,1,CURDATE());
insert into user(email,password,first_name,last_name,role_id,city_id,status,created_date) values ('traineecity3.2@fpt.edu.vn','123456','','','ROLE05',3,1,CURDATE());
insert into user(email,password,first_name,last_name,role_id,city_id,status,created_date) values ('traineecity3.3@fpt.edu.vn','123456','','','ROLE05',3,1,CURDATE());
insert into user(email,password,first_name,last_name,role_id,city_id,status,created_date) values ('traineecity3.4@fpt.edu.vn','123456','','','ROLE05',3,1,CURDATE());
insert into user(email,password,first_name,last_name,role_id,city_id,status,created_date) values ('traineecity3.5@fpt.edu.vn','123456','','','ROLE05',3,1,CURDATE());
insert into user(email,password,first_name,last_name,role_id,city_id,status,created_date) values ('traineecity3.6@fpt.edu.vn','123456','','','ROLE05',3,1,CURDATE());

/*select * from trainee;*/
insert into trainee(trainee_email) values ('haphhe151269@fpt.edu.vn');
insert into trainee(trainee_email) values ('haphhe1512691@fpt.edu.vn');
insert into trainee(trainee_email) values ('haphhe1512692@fpt.edu.vn');
insert into trainee(trainee_email) values ('traineecity1.1@fpt.edu.vn');
insert into trainee(trainee_email) values ('traineecity1.2@fpt.edu.vn');
insert into trainee(trainee_email) values ('traineecity1.3@fpt.edu.vn');
insert into trainee(trainee_email) values ('traineecity1.4@fpt.edu.vn');
insert into trainee(trainee_email) values ('traineecity1.5@fpt.edu.vn');
insert into trainee(trainee_email) values ('traineecity1.6@fpt.edu.vn');
insert into trainee(trainee_email) values ('traineecity2.1@fpt.edu.vn');
insert into trainee(trainee_email) values ('traineecity2.2@fpt.edu.vn');
insert into trainee(trainee_email) values ('traineecity2.3@fpt.edu.vn');
insert into trainee(trainee_email) values ('traineecity2.4@fpt.edu.vn');
insert into trainee(trainee_email) values ('traineecity2.5@fpt.edu.vn');
insert into trainee(trainee_email) values ('traineecity2.6@fpt.edu.vn');
insert into trainee(trainee_email) values ('traineecity3.1@fpt.edu.vn');
insert into trainee(trainee_email) values ('traineecity3.2@fpt.edu.vn');
insert into trainee(trainee_email) values ('traineecity3.3@fpt.edu.vn');
insert into trainee(trainee_email) values ('traineecity3.4@fpt.edu.vn');
insert into trainee(trainee_email) values ('traineecity3.5@fpt.edu.vn');
insert into trainee(trainee_email) values ('traineecity3.6@fpt.edu.vn');

/*select * from trainer;*/
insert into trainer(trainer_email,status) values ('ducnvhe141646@fpt.edu.vn',1);
insert into trainer(trainer_email,status) values ('ducnvhe1416461@fpt.edu.vn',1);
insert into trainer(trainer_email,status) values ('ducnvhe1416462@fpt.edu.vn',1);
insert into trainer(trainer_email,status) values ('trainer1.1@gmail.com',1);
insert into trainer(trainer_email,status) values ('trainer1.2@gmail.com',1);
insert into trainer(trainer_email,status) values ('trainer1.3@gmail.com',1);
insert into trainer(trainer_email,status) values ('trainer1.4@gmail.com',1);
insert into trainer(trainer_email,status) values ('trainer1.5@gmail.com',1);
insert into trainer(trainer_email,status) values ('trainer1.6@gmail.com',1);
insert into trainer(trainer_email,status) values ('trainer1.7@gmail.com',1);
insert into trainer(trainer_email,status) values ('trainer1.8@gmail.com',1);
insert into trainer(trainer_email,status) values ('trainer6.1@gmail.com',1);
insert into trainer(trainer_email,status) values ('trainer6.2@gmail.com',1);
insert into trainer(trainer_email,status) values ('trainer6.3@gmail.com',1);
insert into trainer(trainer_email,status) values ('trainer6.4@gmail.com',1);
insert into trainer(trainer_email,status) values ('trainer6.5@gmail.com',1);
insert into trainer(trainer_email,status) values ('trainer6.6@gmail.com',1);
insert into trainer(trainer_email,status) values ('trainer6.7@gmail.com',1);
insert into trainer(trainer_email,status) values ('trainer6.8@gmail.com',1);
insert into trainer(trainer_email,status) values ('trainer11.1@gmail.com',1);
insert into trainer(trainer_email,status) values ('trainer11.2@gmail.com',1);
insert into trainer(trainer_email,status) values ('trainer11.3@gmail.com',1);
insert into trainer(trainer_email,status) values ('trainer11.4@gmail.com',1);
insert into trainer(trainer_email,status) values ('trainer11.5@gmail.com',1);
insert into trainer(trainer_email,status) values ('trainer11.6@gmail.com',1);
insert into trainer(trainer_email,status) values ('trainer11.7@gmail.com',1);
insert into trainer(trainer_email,status) values ('trainer11.8@gmail.com',1);

/*select * from category;*/
insert into category(description,category_name,type) values ('','Arm','service');
insert into category(description,category_name,type) values ('','Leg','service');
insert into category(description,category_name,type) values ('','Full Body','service');
insert into category(description,category_name,type) values ('','Physical','service');
insert into category(description,category_name,type) values ('','Advertisement','blog');
insert into category(description,category_name,type) values ('','Exercise','blog');
insert into category(description,category_name,type) values ('','Nutrition','blog');
insert into category(description,category_name,type) values ('','Abs','service');
insert into category(description,category_name,type) values ('','Back','service');
insert into category(description,category_name,type) values ('','Shoulder','service');


/*select * from blog;*/
insert into blog(title,writer_id,thumbnail,description,status,created_date,category_id) values ('Advertise 1',7,'https://firebasestorage.googleapis.com/v0/b/fitness-fitmax-01.appspot.com/o/gym_blog_thumbnail_1.jpg?alt=media&token=3973baad-c698-469c-95ce-f05d77028e07','Cras pulvinar mattis nunc sed blandit libero volutpat. Blandit volutpat maecenas volutpat blandit aliquam etiam erat velit. Amet consectetur adipiscing elit pellentesque. Ultricies tristique nulla aliquet enim tortor. Ultricies tristique nulla aliquet enim tortor. Arcu bibendum at varius vel pharetra vel turpis nunc eget. Et leo duis ut diam quam nulla. Cras pulvinar mattis nunc sed blandit libero volutpat. Blandit volutpat maecenas volutpat blandit aliquam etiam erat velit. Amet consectetur adipiscing elit pellentesque.',1,now(),5);
insert into blog(title,writer_id,thumbnail,description,status,created_date,category_id) values ('Advertise 2',7,'https://firebasestorage.googleapis.com/v0/b/fitness-fitmax-01.appspot.com/o/gym_blog_thumbnail_2.jpg?alt=media&token=d9930a69-ab8a-461c-b13a-2f18b3755660','Cras pulvinar mattis nunc sed blandit libero volutpat. Blandit volutpat maecenas volutpat blandit aliquam etiam erat velit. Amet consectetur adipiscing elit pellentesque. Ultricies tristique nulla aliquet enim tortor. Ultricies tristique nulla aliquet enim tortor. Arcu bibendum at varius vel pharetra vel turpis nunc eget. Et leo duis ut diam quam nulla. Cras pulvinar mattis nunc sed blandit libero volutpat. Blandit volutpat maecenas volutpat blandit aliquam etiam erat velit. Amet consectetur adipiscing elit pellentesque.',1,now(),5);
insert into blog(title,writer_id,thumbnail,description,status,created_date,category_id) values ('Advertise 3',7,'https://firebasestorage.googleapis.com/v0/b/fitness-fitmax-01.appspot.com/o/gym_blog_thumbnail_3.jpg?alt=media&token=5d0aa508-d507-44e9-8c8a-a64bc919fcc5','Cras pulvinar mattis nunc sed blandit libero volutpat. Blandit volutpat maecenas volutpat blandit aliquam etiam erat velit. Amet consectetur adipiscing elit pellentesque. Ultricies tristique nulla aliquet enim tortor. Ultricies tristique nulla aliquet enim tortor. Arcu bibendum at varius vel pharetra vel turpis nunc eget. Et leo duis ut diam quam nulla. Cras pulvinar mattis nunc sed blandit libero volutpat. Blandit volutpat maecenas volutpat blandit aliquam etiam erat velit. Amet consectetur adipiscing elit pellentesque.',1,now(),5);
insert into blog(title,writer_id,thumbnail,description,status,created_date,category_id) values ('Advertise 4',7,'https://firebasestorage.googleapis.com/v0/b/fitness-fitmax-01.appspot.com/o/gym_blog_thumbnail_4.jpg?alt=media&token=15505224-9b3d-4bf2-ba5d-52dcff4bfa3c','Cras pulvinar mattis nunc sed blandit libero volutpat. Blandit volutpat maecenas volutpat blandit aliquam etiam erat velit. Amet consectetur adipiscing elit pellentesque. Ultricies tristique nulla aliquet enim tortor. Ultricies tristique nulla aliquet enim tortor. Arcu bibendum at varius vel pharetra vel turpis nunc eget. Et leo duis ut diam quam nulla. Cras pulvinar mattis nunc sed blandit libero volutpat. Blandit volutpat maecenas volutpat blandit aliquam etiam erat velit. Amet consectetur adipiscing elit pellentesque.',1,now(),5);



/*select * from schedule;*/
insert into schedule(schedule_id,start_time,end_time) values ('SCHE01','05:00:00','07:00:00');
insert into schedule(schedule_id,start_time,end_time) values ('SCHE02','07:00:00','09:00:00');
insert into schedule(schedule_id,start_time,end_time) values ('SCHE03','09:00:00','11:00:00');
insert into schedule(schedule_id,start_time,end_time) values ('SCHE04','11:00:00','13:00:00');
insert into schedule(schedule_id,start_time,end_time) values ('SCHE05','13:00:00','15:00:00');
insert into schedule(schedule_id,start_time,end_time) values ('SCHE06','15:00:00','17:00:00');
insert into schedule(schedule_id,start_time,end_time) values ('SCHE07','17:00:00','19:00:00');
insert into schedule(schedule_id,start_time,end_time) values ('SCHE08','19:00:00','21:00:00');

/*select * from service_type*/
insert into service_type(image,description) values ('https://firebasestorage.googleapis.com/v0/b/fitness-fitmax-01.appspot.com/o/gym_package.jpg?alt=media&token=74815fd1-3f23-43a0-b1af-99bb15c1a404','Packages');
insert into service_type(image,description) values ('https://firebasestorage.googleapis.com/v0/b/fitness-fitmax-01.appspot.com/o/personal_training.jpg?alt=media&token=d43b4d45-061a-42f1-8b31-9ece0a972976','Personal Traning');
insert into service_type(image,description) values ('https://firebasestorage.googleapis.com/v0/b/fitness-fitmax-01.appspot.com/o/gym_class.jpg?alt=media&token=90d3c570-409e-41af-be27-39f2dc4d154f','Classes');

/*select s.service_name from service s where s.service_type_id = 1;*/

/*select * from service;*/
insert into service(service_id,service_name,duration,price,image,status,created_by,created_date,service_type_id,city_id,category_id) values ('SER20230001','Basic Workout in 3 months in HN',3,150,'https://firebasestorage.googleapis.com/v0/b/fitness-fitmax-01.appspot.com/o/gym_package_1.jpg?alt=media&token=c9cf6140-edad-487a-8733-2e50a528705a',2,7,CURDATE(),1,1,3);
insert into service(service_id,service_name,duration,price,image,status,created_by,created_date,service_type_id,city_id,category_id) values ('SER20230002','Basic Workout in 6 months in HN',6,270,'https://firebasestorage.googleapis.com/v0/b/fitness-fitmax-01.appspot.com/o/gym_package_2.jpg?alt=media&token=8b053a63-3518-412c-9da1-4f21fc4dc97a',2,7,CURDATE(),1,1,4);
insert into service(service_id,service_name,duration,price,image,status,created_by,created_date,service_type_id,city_id,category_id) values ('SER20230003','Basic Workout in 9 months in HN',9,500,'https://firebasestorage.googleapis.com/v0/b/fitness-fitmax-01.appspot.com/o/gym_package_3.jpg?alt=media&token=2c5485cf-bb1a-448f-b02b-7768b53b5e4c',2,10,CURDATE(),1,1,3);
insert into service(service_id,service_name,duration,price,image,status,created_by,created_date,service_type_id,city_id,category_id) values ('SER20230004','Basic Workout in 12 months in HN',12,750,'https://firebasestorage.googleapis.com/v0/b/fitness-fitmax-01.appspot.com/o/gym_package_4.jpg?alt=media&token=5179633b-eabc-4b6b-b8ae-db12762175f8',2,10,CURDATE(),1,1,4);
insert into service(service_id,service_name,duration,price,image,status,created_by,created_date,service_type_id,city_id,category_id) values ('SER20230005','Basic Workout in 15 months in HN',15,870,'https://firebasestorage.googleapis.com/v0/b/fitness-fitmax-01.appspot.com/o/gym_package_5.jpg?alt=media&token=8adfc941-6825-4481-be9f-72f8dc83e567',2,11,CURDATE(),1,1,3);
insert into service(service_id,service_name,duration,price,image,status,created_by,created_date,service_type_id,city_id,category_id) values ('SER20230006','Basic Workout in 18 months in HN',18,1000,'https://firebasestorage.googleapis.com/v0/b/fitness-fitmax-01.appspot.com/o/gym_package_6.jpg?alt=media&token=00e97800-f264-484a-b093-66e0bba89e84',2,11,CURDATE(),1,1,4);
insert into service(service_id,service_name,duration,price,image,status,created_by,created_date,service_type_id,city_id,category_id) values ('SER20230007','Basic Workout in 21 months in HN',21,1100,'https://firebasestorage.googleapis.com/v0/b/fitness-fitmax-01.appspot.com/o/gym_package_7.jpg?alt=media&token=8343fa49-96e5-41e1-a964-cb44e861596a',2,12,CURDATE(),1,1,3);
insert into service(service_id,service_name,duration,price,image,status,created_by,created_date,service_type_id,city_id,category_id) values ('SER20230008','Basic Workout in 24 months in HN',24,1200,'https://firebasestorage.googleapis.com/v0/b/fitness-fitmax-01.appspot.com/o/gym_package_8.jpg?alt=media&token=66901113-ae27-481d-be94-1391851121c6',2,12,CURDATE(),1,1,4);
insert into service(service_id,service_name,duration,price,image,status,created_by,created_date,service_type_id,studio_id,city_id,category_id) values ('SER20230009','Hanoi VIP Workout in 3 months',3,350,'https://firebasestorage.googleapis.com/v0/b/fitness-fitmax-01.appspot.com/o/gym_package_9.jpg?alt=media&token=4188e13a-86be-4473-8616-db91f6b68497',2,13,CURDATE(),1,'STU001',1,3);
insert into service(service_id,service_name,duration,price,image,status,created_by,created_date,service_type_id,studio_id,city_id,category_id) values ('SER20230010','Hanoi VIP Workout in 6 months',6,680,'https://firebasestorage.googleapis.com/v0/b/fitness-fitmax-01.appspot.com/o/gym_package_10.jpg?alt=media&token=8ec9be91-c354-40a3-ab7e-86c313003ac3',2,13,CURDATE(),1,'STU001',1,4);

insert into service(service_id,service_name,duration,price,image,status,created_by,created_date,service_type_id,city_id,category_id) values ('SER20230011','Basic Workout in 3 months in HCM',3,170,'https://firebasestorage.googleapis.com/v0/b/fitness-fitmax-01.appspot.com/o/gym_package_11.jpg?alt=media&token=971ec138-6e5b-42dd-9375-d93f0c3fdf98',2,35,CURDATE(),1,2,3);
insert into service(service_id,service_name,duration,price,image,status,created_by,created_date,service_type_id,city_id,category_id) values ('SER20230012','Basic Workout in 6 months in HCM',6,290,'https://firebasestorage.googleapis.com/v0/b/fitness-fitmax-01.appspot.com/o/gym_package_12.jpg?alt=media&token=fa440521-ba32-40ce-93f8-b591568575c9',2,35,CURDATE(),1,2,4);
insert into service(service_id,service_name,duration,price,image,status,created_by,created_date,service_type_id,city_id,category_id) values ('SER20230013','Basic Workout in 9 months in HCM',9,520,'https://firebasestorage.googleapis.com/v0/b/fitness-fitmax-01.appspot.com/o/gym_package_13.jpg?alt=media&token=12af336f-994c-45b7-a248-9b82e3724a9d',2,38,CURDATE(),1,2,3);
insert into service(service_id,service_name,duration,price,image,status,created_by,created_date,service_type_id,city_id,category_id) values ('SER20230014','Basic Workout in 12 months in HCM',12,770,'https://firebasestorage.googleapis.com/v0/b/fitness-fitmax-01.appspot.com/o/gym_package_14.jpg?alt=media&token=87d9f7c4-f9f4-4fc5-b9b9-f1e67d9aeb87',2,38,CURDATE(),1,2,4);
insert into service(service_id,service_name,duration,price,image,status,created_by,created_date,service_type_id,city_id,category_id) values ('SER20230015','Basic Workout in 15 months in HCM',15,890,'https://firebasestorage.googleapis.com/v0/b/fitness-fitmax-01.appspot.com/o/gym_package_15.jpg?alt=media&token=668cf983-95a2-4438-b21c-8316fabb8556',2,39,CURDATE(),1,2,3);
insert into service(service_id,service_name,duration,price,image,status,created_by,created_date,service_type_id,city_id,category_id) values ('SER20230016','Basic Workout in 18 months in HCM',18,1020,'https://firebasestorage.googleapis.com/v0/b/fitness-fitmax-01.appspot.com/o/gym_package_16.jpg?alt=media&token=e580d8bf-10b7-4fc9-ac0e-3071a4aa8bb1',2,39,CURDATE(),1,2,4);
insert into service(service_id,service_name,duration,price,image,status,created_by,created_date,service_type_id,city_id,category_id) values ('SER20230017','Basic Workout in 21 months in HCM',21,1120,'https://firebasestorage.googleapis.com/v0/b/fitness-fitmax-01.appspot.com/o/gym_package_17.jpg?alt=media&token=f01f8f76-83eb-4655-b065-9ee7aaa4d336',2,40,CURDATE(),1,2,3);
insert into service(service_id,service_name,duration,price,image,status,created_by,created_date,service_type_id,city_id,category_id) values ('SER20230018','Basic Workout in 24 months in HCM',24,1220,'https://firebasestorage.googleapis.com/v0/b/fitness-fitmax-01.appspot.com/o/gym_package_18.jpg?alt=media&token=17b8fa52-758b-427f-b2ab-a11459d72084',2,40,CURDATE(),1,2,4);
insert into service(service_id,service_name,duration,price,image,status,created_by,created_date,service_type_id,studio_id,city_id,category_id) values ('SER20230019','HCM VIP Workout in 3 months',3,400,'https://firebasestorage.googleapis.com/v0/b/fitness-fitmax-01.appspot.com/o/gym_package_19.jpg?alt=media&token=90b28312-a1fa-4c3e-b043-329701fdb2c1',2,41,CURDATE(),1,'STU006',2,3);
insert into service(service_id,service_name,duration,price,image,status,created_by,created_date,service_type_id,studio_id,city_id,category_id) values ('SER20230020','HCM VIP Workout in 6 months',6,750,'https://firebasestorage.googleapis.com/v0/b/fitness-fitmax-01.appspot.com/o/gym_package_20.jpg?alt=media&token=d58e77a8-6f52-4317-be62-7b9e7d185a6f',2,41,CURDATE(),1,'STU006',2,4);

insert into service(service_id,service_name,duration,price,image,status,created_by,created_date,service_type_id,city_id,category_id) values ('SER20230021','Basic Workout in 3 months in DN',3,130,'https://firebasestorage.googleapis.com/v0/b/fitness-fitmax-01.appspot.com/o/gym_package_21.jpg?alt=media&token=68bfafb8-446f-44fa-ae09-1ef1c121f645',2,63,CURDATE(),1,3,3);
insert into service(service_id,service_name,duration,price,image,status,created_by,created_date,service_type_id,city_id,category_id) values ('SER20230022','Basic Workout in 6 months in DN',6,240,'https://firebasestorage.googleapis.com/v0/b/fitness-fitmax-01.appspot.com/o/gym_package_22.jpg?alt=media&token=c1fd16a1-7753-43f3-a960-2678b17687da',2,63,CURDATE(),1,3,4);
insert into service(service_id,service_name,duration,price,image,status,created_by,created_date,service_type_id,city_id,category_id) values ('SER20230023','Basic Workout in 9 months in DN',9,470,'https://firebasestorage.googleapis.com/v0/b/fitness-fitmax-01.appspot.com/o/gym_package_23.jpg?alt=media&token=9b0d3973-05c7-4430-84f0-d684a5c6f62e',2,66,CURDATE(),1,3,3);
insert into service(service_id,service_name,duration,price,image,status,created_by,created_date,service_type_id,city_id,category_id) values ('SER20230024','Basic Workout in 12 months in DN',12,720,'https://firebasestorage.googleapis.com/v0/b/fitness-fitmax-01.appspot.com/o/gym_package_24.jpg?alt=media&token=09bc8854-c7e1-4c47-a677-b53c5f21ed47',2,66,CURDATE(),1,3,4);
insert into service(service_id,service_name,duration,price,image,status,created_by,created_date,service_type_id,city_id,category_id) values ('SER20230025','Basic Workout in 15 months in DN',15,840,'https://firebasestorage.googleapis.com/v0/b/fitness-fitmax-01.appspot.com/o/gym_package_25.jpg?alt=media&token=076a1736-d1d7-4554-872b-b9018caea5a5',2,67,CURDATE(),1,3,3);
insert into service(service_id,service_name,duration,price,image,status,created_by,created_date,service_type_id,city_id,category_id) values ('SER20230026','Basic Workout in 18 months in DN',18,970,'https://firebasestorage.googleapis.com/v0/b/fitness-fitmax-01.appspot.com/o/gym_package_26.png?alt=media&token=50e96177-c23a-4456-875c-788786560e82',2,67,CURDATE(),1,3,4);
insert into service(service_id,service_name,duration,price,image,status,created_by,created_date,service_type_id,city_id,category_id) values ('SER20230027','Basic Workout in 21 months in DN',21,1070,'https://firebasestorage.googleapis.com/v0/b/fitness-fitmax-01.appspot.com/o/gym_package_27.jpg?alt=media&token=5c96b06d-d15a-4110-8010-3bdff783ecf8',2,68,CURDATE(),1,3,3);
insert into service(service_id,service_name,duration,price,image,status,created_by,created_date,service_type_id,city_id,category_id) values ('SER20230028','Basic Workout in 24 months in DN',24,1170,'https://firebasestorage.googleapis.com/v0/b/fitness-fitmax-01.appspot.com/o/gym_package_28.jpg?alt=media&token=9f5d0625-2f79-4b5e-b3fe-9c0f8aa012be',2,68,CURDATE(),1,3,4);
insert into service(service_id,service_name,duration,price,image,status,created_by,created_date,service_type_id,studio_id,city_id,category_id) values ('SER20230029','DN VIP Workout in 3 months',3,300,'https://firebasestorage.googleapis.com/v0/b/fitness-fitmax-01.appspot.com/o/gym_package_29.jfif?alt=media&token=a67d56d0-93e0-409d-a15a-fc62becfa53f',2,69,CURDATE(),1,'STU011',3,3);
insert into service(service_id,service_name,duration,price,image,status,created_by,created_date,service_type_id,studio_id,city_id,category_id) values ('SER20230030','DN VIP Workout in 6 months',6,580,'https://firebasestorage.googleapis.com/v0/b/fitness-fitmax-01.appspot.com/o/gym_package_30.jpg?alt=media&token=a03c72cc-96a7-44d7-95a1-683acf06dc21',2,69,CURDATE(),1,'STU011',3,4);


insert into service(service_id,service_name,duration,price,status,created_by,created_date,service_type_id,studio_id,city_id,category_id) values ('SER20230031','Practice Yoga for 3 months',3,300,2,7,CURDATE(),3,'STU001',1,3);
insert into service(service_id,service_name,duration,price,status,created_by,created_date,service_type_id,studio_id,city_id,category_id) values ('SER20230032','Practice KickBoxing for 3 months',3,350,2,7,CURDATE(),3,'STU001',1,4);
insert into service(service_id,service_name,duration,price,status,created_by,created_date,service_type_id,studio_id,city_id,category_id) values ('SER20230033','Practice Yoga for 3 months',3,320,2,10,CURDATE(),3,'STU002',1,3);
insert into service(service_id,service_name,duration,price,status,created_by,created_date,service_type_id,studio_id,city_id,category_id) values ('SER20230034','Practice KickBoxing for 3 months',3,380,2,10,CURDATE(),3,'STU002',1,4);
insert into service(service_id,service_name,duration,price,status,created_by,created_date,service_type_id,studio_id,city_id,category_id) values ('SER20230035','Practice Yoga for 3 months',3,290,2,11,CURDATE(),3,'STU003',1,3);
insert into service(service_id,service_name,duration,price,status,created_by,created_date,service_type_id,studio_id,city_id,category_id) values ('SER20230036','Practice KickBoxing for 3 months',3,390,2,11,CURDATE(),3,'STU003',1,4);
insert into service(service_id,service_name,duration,price,status,created_by,created_date,service_type_id,studio_id,city_id,category_id) values ('SER20230037','Practice Yoga for 3 months',3,285,2,12,CURDATE(),3,'STU004',1,3);
insert into service(service_id,service_name,duration,price,status,created_by,created_date,service_type_id,studio_id,city_id,category_id) values ('SER20230038','Practice KickBoxing for 3 months',3,400,2,12,CURDATE(),3,'STU004',1,4);
insert into service(service_id,service_name,duration,price,status,created_by,created_date,service_type_id,studio_id,city_id,category_id) values ('SER20230039','Practice Yoga for 3 months',3,250,2,13,CURDATE(),3,'STU005',1,3);
insert into service(service_id,service_name,duration,price,status,created_by,created_date,service_type_id,studio_id,city_id,category_id) values ('SER20230040','Practice KickBoxing for 3 months',3,405,2,13,CURDATE(),3,'STU005',1,4);

insert into service(service_id,service_name,duration,price,status,created_by,created_date,service_type_id,studio_id,city_id,category_id) values ('SER20230041','Practice Yoga for 3 months',3,260,2,35,CURDATE(),3,'STU006',2,3);
insert into service(service_id,service_name,duration,price,status,created_by,created_date,service_type_id,studio_id,city_id,category_id) values ('SER20230042','Practice KickBoxing for 3 months',3,400,2,35,CURDATE(),3,'STU006',2,4);
insert into service(service_id,service_name,duration,price,status,created_by,created_date,service_type_id,studio_id,city_id,category_id) values ('SER20230043','Practice Yoga for 3 months',3,270,2,38,CURDATE(),3,'STU007',2,3);
insert into service(service_id,service_name,duration,price,status,created_by,created_date,service_type_id,studio_id,city_id,category_id) values ('SER20230044','Practice KickBoxing for 3 months',3,390,2,38,CURDATE(),3,'STU007',2,4);
insert into service(service_id,service_name,duration,price,status,created_by,created_date,service_type_id,studio_id,city_id,category_id) values ('SER20230045','Practice Yoga for 3 months',3,275,2,39,CURDATE(),3,'STU008',2,3);
insert into service(service_id,service_name,duration,price,status,created_by,created_date,service_type_id,studio_id,city_id,category_id) values ('SER20230046','Practice KickBoxing for 3 months',3,380,2,39,CURDATE(),3,'STU008',2,4);
insert into service(service_id,service_name,duration,price,status,created_by,created_date,service_type_id,studio_id,city_id,category_id) values ('SER20230047','Practice Yoga for 3 months',3,255,2,40,CURDATE(),3,'STU009',2,3);
insert into service(service_id,service_name,duration,price,status,created_by,created_date,service_type_id,studio_id,city_id,category_id) values ('SER20230048','Practice KickBoxing for 3 months',3,350,2,40,CURDATE(),3,'STU009',2,4);
insert into service(service_id,service_name,duration,price,status,created_by,created_date,service_type_id,studio_id,city_id,category_id) values ('SER20230049','Practice Yoga for 3 months',3,257,2,41,CURDATE(),3,'STU010',2,3);
insert into service(service_id,service_name,duration,price,status,created_by,created_date,service_type_id,studio_id,city_id,category_id) values ('SER20230050','Practice KickBoxing for 3 months',3,355,2,41,CURDATE(),3,'STU010',2,4);

insert into service(service_id,service_name,duration,price,status,created_by,created_date,service_type_id,studio_id,city_id,category_id) values ('SER20230051','Practice Yoga for 3 months',3,260,2,63,CURDATE(),3,'STU011',3,3);
insert into service(service_id,service_name,duration,price,status,created_by,created_date,service_type_id,studio_id,city_id,category_id) values ('SER20230052','Practice KickBoxing for 3 months',3,360,2,63,CURDATE(),3,'STU011',3,4);
insert into service(service_id,service_name,duration,price,status,created_by,created_date,service_type_id,studio_id,city_id,category_id) values ('SER20230053','Practice Yoga for 3 months',3,262,2,66,CURDATE(),3,'STU012',3,3);
insert into service(service_id,service_name,duration,price,status,created_by,created_date,service_type_id,studio_id,city_id,category_id) values ('SER20230054','Practice KickBoxing for 3 months',3,370,2,66,CURDATE(),3,'STU012',3,4);
insert into service(service_id,service_name,duration,price,status,created_by,created_date,service_type_id,studio_id,city_id,category_id) values ('SER20230055','Practice Yoga for 3 months',3,265,2,67,CURDATE(),3,'STU013',3,3);
insert into service(service_id,service_name,duration,price,status,created_by,created_date,service_type_id,studio_id,city_id,category_id) values ('SER20230056','Practice KickBoxing for 3 months',2,3,375,67,CURDATE(),3,'STU013',3,4);
insert into service(service_id,service_name,duration,price,status,created_by,created_date,service_type_id,studio_id,city_id,category_id) values ('SER20230057','Practice Yoga for 3 months',3,290,2,68,CURDATE(),3,'STU014',3,3);
insert into service(service_id,service_name,duration,price,status,created_by,created_date,service_type_id,studio_id,city_id,category_id) values ('SER20230058','Practice KickBoxing for 3 months',3,388,2,68,CURDATE(),3,'STU014',3,4);
insert into service(service_id,service_name,duration,price,status,created_by,created_date,service_type_id,studio_id,city_id,category_id) values ('SER20230059','Practice Yoga for 3 months',3,270,2,69,CURDATE(),3,'STU015',3,3);
insert into service(service_id,service_name,duration,price,status,created_by,created_date,service_type_id,studio_id,city_id,category_id) values ('SER20230060','Practice KickBoxing for 3 months',3,392,2,69,CURDATE(),3,'STU015',3,4);

/*select * from class*/
insert into class(service_id) values ('SER20230031');
insert into class(service_id) values ('SER20230032');
insert into class(service_id) values ('SER20230033');
insert into class(service_id) values ('SER20230034');
insert into class(service_id) values ('SER20230035');
insert into class(service_id) values ('SER20230036');
insert into class(service_id) values ('SER20230037');
insert into class(service_id) values ('SER20230038');
insert into class(service_id) values ('SER20230039');
insert into class(service_id) values ('SER20230040');
insert into class(service_id) values ('SER20230041');
insert into class(service_id) values ('SER20230042');
insert into class(service_id) values ('SER20230043');
insert into class(service_id) values ('SER20230044');
insert into class(service_id) values ('SER20230045');
insert into class(service_id) values ('SER20230046');
insert into class(service_id) values ('SER20230047');
insert into class(service_id) values ('SER20230048');
insert into class(service_id) values ('SER20230049');
insert into class(service_id) values ('SER20230050');
insert into class(service_id) values ('SER20230051');
insert into class(service_id) values ('SER20230052');
insert into class(service_id) values ('SER20230053');
insert into class(service_id) values ('SER20230054');
insert into class(service_id) values ('SER20230055');
insert into class(service_id) values ('SER20230056');
insert into class(service_id) values ('SER20230057');
insert into class(service_id) values ('SER20230058');
insert into class(service_id) values ('SER20230059');
insert into class(service_id) values ('SER20230060');

/*select * from session;*/
insert into session(session_id,session_name,created_date,happened_date,class_id,schedule_id,trainer_email) values ('SES20230001','Gentle Yoga',CURDATE(),'2023-03-20',1,'SCHE01','ducnvhe141646@fpt.edu.vn');
insert into session(session_id,session_name,created_date,happened_date,class_id,schedule_id,trainer_email) values ('SES20230002','Yoga Flow',CURDATE(),'2023-03-21',1,'SCHE01','ducnvhe141646@fpt.edu.vn');
insert into session(session_id,session_name,created_date,happened_date,class_id,schedule_id,trainer_email) values ('SES20230003','Gentle Yoga',CURDATE(),'2023-03-22',1,'SCHE01','ducnvhe141646@fpt.edu.vn');
insert into session(session_id,session_name,created_date,happened_date,class_id,schedule_id,trainer_email) values ('SES20230004','Hatha Yoga',CURDATE(),'2023-03-23',1,'SCHE01','ducnvhe141646@fpt.edu.vn');
insert into session(session_id,session_name,created_date,happened_date,class_id,schedule_id,trainer_email) values ('SES20230005','Yoga Flow',CURDATE(),'2023-03-24',1,'SCHE01','ducnvhe141646@fpt.edu.vn');
insert into session(session_id,session_name,created_date,happened_date,class_id,schedule_id,trainer_email) values ('SES20230006','Yoga Therapy',CURDATE(),'2023-03-25',1,'SCHE01','ducnvhe141646@fpt.edu.vn');
insert into session(session_id,session_name,created_date,happened_date,class_id,schedule_id,trainer_email) values ('SES20230007','Yoga Core',CURDATE(),'2023-03-20',1,'SCHE02','ducnvhe141646@fpt.edu.vn');
insert into session(session_id,session_name,created_date,happened_date,class_id,schedule_id,trainer_email) values ('SES20230008','Core Fit',CURDATE(),'2023-03-21',1,'SCHE02','ducnvhe141646@fpt.edu.vn');
insert into session(session_id,session_name,created_date,happened_date,class_id,schedule_id,trainer_email) values ('SES20230009','Ashtanga Yoga',CURDATE(),'2023-03-22',1,'SCHE02','ducnvhe141646@fpt.edu.vn');
insert into session(session_id,session_name,created_date,happened_date,class_id,schedule_id,trainer_email) values ('SES20230010','Ashtanga Yoga',CURDATE(),'2023-03-23',1,'SCHE02','ducnvhe141646@fpt.edu.vn');
insert into session(session_id,session_name,created_date,happened_date,class_id,schedule_id,trainer_email) values ('SES20230011','Inversion Yoga',CURDATE(),'2023-03-24',1,'SCHE02','ducnvhe141646@fpt.edu.vn');
insert into session(session_id,session_name,created_date,happened_date,class_id,schedule_id,trainer_email) values ('SES20230012','Breath & Asana',CURDATE(),'2023-03-20',1,'SCHE03','ducnvhe141646@fpt.edu.vn');
insert into session(session_id,session_name,created_date,happened_date,class_id,schedule_id,trainer_email) values ('SES20230013','Back & Twist',CURDATE(),'2023-03-21',1,'SCHE03','ducnvhe141646@fpt.edu.vn');
insert into session(session_id,session_name,created_date,happened_date,class_id,schedule_id,trainer_email) values ('SES20230014','Hip & Twist',CURDATE(),'2023-03-22',1,'SCHE03','ducnvhe141646@fpt.edu.vn');
insert into session(session_id,session_name,created_date,happened_date,class_id,schedule_id,trainer_email) values ('SES20230015','Yoga Core',CURDATE(),'2023-03-20',1,'SCHE05','ducnvhe141646@fpt.edu.vn');
insert into session(session_id,session_name,created_date,happened_date,class_id,schedule_id,trainer_email) values ('SES20230016','Hatha Flow',CURDATE(),'2023-03-22',1,'SCHE05','ducnvhe141646@fpt.edu.vn');
insert into session(session_id,session_name,created_date,happened_date,class_id,schedule_id,trainer_email) values ('SES20230017','Solar Yoga',CURDATE(),'2023-03-24',1,'SCHE05','ducnvhe141646@fpt.edu.vn');
insert into session(session_id,session_name,created_date,happened_date,class_id,schedule_id,trainer_email) values ('SES20230018','Vinyasa Yoga',CURDATE(),'2023-03-20',1,'SCHE06','ducnvhe141646@fpt.edu.vn');
insert into session(session_id,session_name,created_date,happened_date,class_id,schedule_id,trainer_email) values ('SES20230019','Split Yoga',CURDATE(),'2023-03-21',1,'SCHE06','ducnvhe141646@fpt.edu.vn');
insert into session(session_id,session_name,created_date,happened_date,class_id,schedule_id,trainer_email) values ('SES20230020','Core Fit',CURDATE(),'2023-03-22',1,'SCHE06','ducnvhe141646@fpt.edu.vn');
insert into session(session_id,session_name,created_date,happened_date,class_id,schedule_id,trainer_email) values ('SES20230021','Hatha Yoga',CURDATE(),'2023-03-23',1,'SCHE06','ducnvhe141646@fpt.edu.vn');
insert into session(session_id,session_name,created_date,happened_date,class_id,schedule_id,trainer_email) values ('SES20230022','Ashtanga Yoga',CURDATE(),'2023-03-24',1,'SCHE06','ducnvhe141646@fpt.edu.vn');
insert into session(session_id,session_name,created_date,happened_date,class_id,schedule_id,trainer_email) values ('SES20230023','Hatha Yoga',CURDATE(),'2023-03-25',1,'SCHE06','ducnvhe141646@fpt.edu.vn');
insert into session(session_id,session_name,created_date,happened_date,class_id,schedule_id,trainer_email) values ('SES20230024','Twisting Yoga',CURDATE(),'2023-03-20',1,'SCHE07','ducnvhe141646@fpt.edu.vn');
insert into session(session_id,session_name,created_date,happened_date,class_id,schedule_id,trainer_email) values ('SES20230025','Hatha Balance',CURDATE(),'2023-03-21',1,'SCHE07','ducnvhe141646@fpt.edu.vn');
insert into session(session_id,session_name,created_date,happened_date,class_id,schedule_id,trainer_email) values ('SES20230026','Hip Opening',CURDATE(),'2023-03-22',1,'SCHE07','ducnvhe141646@fpt.edu.vn');
insert into session(session_id,session_name,created_date,happened_date,class_id,schedule_id,trainer_email) values ('SES20230027','Vinyasa Flow',CURDATE(),'2023-03-23',1,'SCHE07','ducnvhe141646@fpt.edu.vn');
insert into session(session_id,session_name,created_date,happened_date,class_id,schedule_id,trainer_email) values ('SES20230028','Yoga Therapy',CURDATE(),'2023-03-24',1,'SCHE07','ducnvhe141646@fpt.edu.vn');
insert into session(session_id,session_name,created_date,happened_date,class_id,schedule_id,trainer_email) values ('SES20230029','Yoga Core',CURDATE(),'2023-03-25',1,'SCHE07','ducnvhe141646@fpt.edu.vn');
insert into session(session_id,session_name,created_date,happened_date,class_id,schedule_id,trainer_email) values ('SES20230030','Yoga Stretch',CURDATE(),'2023-03-20',1,'SCHE08','ducnvhe141646@fpt.edu.vn');
insert into session(session_id,session_name,created_date,happened_date,class_id,schedule_id,trainer_email) values ('SES20230031','Hatha Flow',CURDATE(),'2023-03-21',1,'SCHE08','ducnvhe141646@fpt.edu.vn');
insert into session(session_id,session_name,created_date,happened_date,class_id,schedule_id,trainer_email) values ('SES20230032','Yoga Basic',CURDATE(),'2023-03-22',1,'SCHE08','ducnvhe141646@fpt.edu.vn');
insert into session(session_id,session_name,created_date,happened_date,class_id,schedule_id,trainer_email) values ('SES20230033','Power Yoga',CURDATE(),'2023-03-23',1,'SCHE08','ducnvhe141646@fpt.edu.vn');
insert into session(session_id,session_name,created_date,happened_date,class_id,schedule_id,trainer_email) values ('SES20230034','Hip Opening',CURDATE(),'2023-03-24',1,'SCHE08','ducnvhe141646@fpt.edu.vn');

/*select * from status;*/
insert into status(type,type_id,status_name) values ('service',0,'Rejected');
insert into status(type,type_id,status_name) values ('service',1,'Waiting');
insert into status(type,type_id,status_name) values ('service',2,'In Progress');
insert into status(type,type_id,status_name) values ('service',3,'Expired');




INSERT INTO slider(description,image,title,user_id) VALUES('ELITE FITNESS X VPBANK | TP LUYN TH GA - CHNG LO V GI','https://firebasestorage.googleapis.com/v0/b/fitness-fitmax-01.appspot.com/o/slide-1.jpg?alt=media&token=0e0571e6-4c9a-4afd-a272-4ec4a8afc618','A New California',1);
INSERT INTO slider(description,image,title,user_id) VALUES('ELITE FITNESS X VPBANK | TP LUYN TH GA - CHNG LO V GI','https://firebasestorage.googleapis.com/v0/b/fitness-fitmax-01.appspot.com/o/slide-2.jpg?alt=media&token=48de613b-77df-4ca8-aa73-c0876c5b5aa0','A New California',1);
INSERT INTO slider(description,image,title,user_id) VALUES('ELITE FITNESS X VPBANK | TP LUYN TH GA - CHNG LO V GI','https://firebasestorage.googleapis.com/v0/b/fitness-fitmax-01.appspot.com/o/slide-1.jpg?alt=media&token=0e0571e6-4c9a-4afd-a272-4ec4a8afc618','A New California',1);



    -- ----------------------------
    -- Records of district
    -- ----------------------------
    INSERT INTO `district` VALUES ('001', 'Quan Ba Dinh', 'Quan', '01');
    INSERT INTO `district` VALUES ('002', 'Quan Hoan Kiem', 'Quan', '01');
    INSERT INTO `district` VALUES ('003', 'Quan Tay Ho', 'Quan', '01');
    INSERT INTO `district` VALUES ('004', 'Quan Long Bien', 'Quan', '01');
    INSERT INTO `district` VALUES ('005', 'Quan Cau Giay', 'Quan', '01');
    INSERT INTO `district` VALUES ('006', 'Quan Dong Da', 'Quan', '01');
    INSERT INTO `district` VALUES ('007', 'Quan Hai Ba Trung', 'Quan', '01');
    INSERT INTO `district` VALUES ('008', 'Quan Hoang Mai', 'Quan', '01');
    INSERT INTO `district` VALUES ('009', 'Quan Thanh Xuan', 'Quan', '01');
    INSERT INTO `district` VALUES ('016', 'Huyen Soc Son', 'Huyen', '01');
    INSERT INTO `district` VALUES ('017', 'Huyen Dong Anh', 'Huyen', '01');
    INSERT INTO `district` VALUES ('018', 'Huyen Gia Lam', 'Huyen', '01');
    INSERT INTO `district` VALUES ('019', 'Quan Nam Tu Liem', 'Quan', '01');
    INSERT INTO `district` VALUES ('020', 'Huyen Thanh Tri', 'Huyen', '01');
    INSERT INTO `district` VALUES ('021', 'Quan Bac Tu Liem', 'Quan', '01');
    INSERT INTO `district` VALUES ('024', 'Thanh pho Ha Giang', 'Thanh pho', '02');
    INSERT INTO `district` VALUES ('026', 'Huyen Dong Van', 'Huyen', '02');
    INSERT INTO `district` VALUES ('027', 'Huyen Meo Vac', 'Huyen', '02');
    INSERT INTO `district` VALUES ('028', 'Huyen Yen Minh', 'Huyen', '02');
    INSERT INTO `district` VALUES ('029', 'Huyen Quan Ba', 'Huyen', '02');
    INSERT INTO `district` VALUES ('030', 'Huyen Vi Xuyen', 'Huyen', '02');
    INSERT INTO `district` VALUES ('031', 'Huyen Bac Me', 'Huyen', '02');
    INSERT INTO `district` VALUES ('032', 'Huyen Hoang Su Phi', 'Huyen', '02');
    INSERT INTO `district` VALUES ('033', 'Huyen Xin Man', 'Huyen', '02');
    INSERT INTO `district` VALUES ('034', 'Huyen Bac Quang', 'Huyen', '02');
    INSERT INTO `district` VALUES ('035', 'Huyen Quang Binh', 'Huyen', '02');
    INSERT INTO `district` VALUES ('040', 'Thanh pho Cao Bang', 'Thanh pho', '04');
    INSERT INTO `district` VALUES ('042', 'Huyen Bao Lam', 'Huyen', '04');
    INSERT INTO `district` VALUES ('043', 'Huyen Bao Lac', 'Huyen', '04');
    INSERT INTO `district` VALUES ('044', 'Huyen Thong Nong', 'Huyen', '04');
    INSERT INTO `district` VALUES ('045', 'Huyen Ha Quang', 'Huyen', '04');
    INSERT INTO `district` VALUES ('046', 'Huyen Tra Linh', 'Huyen', '04');
    INSERT INTO `district` VALUES ('047', 'Huyen Trung Khanh', 'Huyen', '04');
    INSERT INTO `district` VALUES ('048', 'Huyen Ha Lang', 'Huyen', '04');
    INSERT INTO `district` VALUES ('049', 'Huyen Quang Uyen', 'Huyen', '04');
    INSERT INTO `district` VALUES ('050', 'Huyen Phuc Hoa', 'Huyen', '04');
    INSERT INTO `district` VALUES ('051', 'Huyen Hoa An', 'Huyen', '04');
    INSERT INTO `district` VALUES ('052', 'Huyen Nguyen Binh', 'Huyen', '04');
    INSERT INTO `district` VALUES ('053', 'Huyen Thach An', 'Huyen', '04');
    INSERT INTO `district` VALUES ('058', 'Thanh Pho Bac Kan', 'Thanh pho', '06');
    INSERT INTO `district` VALUES ('060', 'Huyen Pac Nam', 'Huyen', '06');
    INSERT INTO `district` VALUES ('061', 'Huyen Ba Be', 'Huyen', '06');
    INSERT INTO `district` VALUES ('062', 'Huyen Ngan Son', 'Huyen', '06');
    INSERT INTO `district` VALUES ('063', 'Huyen Bach Thong', 'Huyen', '06');
    INSERT INTO `district` VALUES ('064', 'Huyen Cho Don', 'Huyen', '06');
    INSERT INTO `district` VALUES ('065', 'Huyen Cho Moi', 'Huyen', '06');
    INSERT INTO `district` VALUES ('066', 'Huyen Na Ri', 'Huyen', '06');
    INSERT INTO `district` VALUES ('070', 'Thanh pho Tuyen Quang', 'Thanh pho', '08');
    INSERT INTO `district` VALUES ('071', 'Huyen Lam Binh', 'Huyen', '08');
    INSERT INTO `district` VALUES ('072', 'Huyen Na Hang', 'Huyen', '08');
    INSERT INTO `district` VALUES ('073', 'Huyen Chiem Hoa', 'Huyen', '08');
    INSERT INTO `district` VALUES ('074', 'Huyen Ham Yen', 'Huyen', '08');
    INSERT INTO `district` VALUES ('075', 'Huyen Yen Son', 'Huyen', '08');
    INSERT INTO `district` VALUES ('076', 'Huyen Son Duong', 'Huyen', '08');
    INSERT INTO `district` VALUES ('080', 'Thanh pho Lao Cai', 'Thanh pho', '10');
    INSERT INTO `district` VALUES ('082', 'Huyen Bat Xat', 'Huyen', '10');
    INSERT INTO `district` VALUES ('083', 'Huyen Muong Khuong', 'Huyen', '10');
    INSERT INTO `district` VALUES ('084', 'Huyen Si Ma Cai', 'Huyen', '10');
    INSERT INTO `district` VALUES ('085', 'Huyen Bac Ha', 'Huyen', '10');
    INSERT INTO `district` VALUES ('086', 'Huyen Bao Thang', 'Huyen', '10');
    INSERT INTO `district` VALUES ('087', 'Huyen Bao Yen', 'Huyen', '10');
    INSERT INTO `district` VALUES ('088', 'Huyen Sa Pa', 'Huyen', '10');
    INSERT INTO `district` VALUES ('089', 'Huyen Van Ban', 'Huyen', '10');
    INSERT INTO `district` VALUES ('094', 'Thanh pho Dien Bien Phu', 'Thanh pho', '11');
    INSERT INTO `district` VALUES ('095', 'Thi Xa Muong Lay', 'Thi xa', '11');
    INSERT INTO `district` VALUES ('096', 'Huyen Muong Nhe', 'Huyen', '11');
    INSERT INTO `district` VALUES ('097', 'Huyen Muong Cha', 'Huyen', '11');
    INSERT INTO `district` VALUES ('098', 'Huyen Tua Chua', 'Huyen', '11');
    INSERT INTO `district` VALUES ('099', 'Huyen Tuan Giao', 'Huyen', '11');
    INSERT INTO `district` VALUES ('100', 'Huyen Dien Bien', 'Huyen', '11');
    INSERT INTO `district` VALUES ('101', 'Huyen Dien Bien Dong', 'Huyen', '11');
    INSERT INTO `district` VALUES ('102', 'Huyen Muong Ang', 'Huyen', '11');
    INSERT INTO `district` VALUES ('103', 'Huyen Nam Po', 'Huyen', '11');
    INSERT INTO `district` VALUES ('105', 'Thanh pho Lai Chau', 'Thanh pho', '12');
    INSERT INTO `district` VALUES ('106', 'Huyen Tam Duong', 'Huyen', '12');
    INSERT INTO `district` VALUES ('107', 'Huyen Muong Te', 'Huyen', '12');
    INSERT INTO `district` VALUES ('108', 'Huyen Sin Ho', 'Huyen', '12');
    INSERT INTO `district` VALUES ('109', 'Huyen Phong Tho', 'Huyen', '12');
    INSERT INTO `district` VALUES ('110', 'Huyen Than Uyen', 'Huyen', '12');
    INSERT INTO `district` VALUES ('111', 'Huyen Tan Uyen', 'Huyen', '12');
    INSERT INTO `district` VALUES ('112', 'Huyen Nam Nhun', 'Huyen', '12');
    INSERT INTO `district` VALUES ('116', 'Thanh pho Son La', 'Thanh pho', '14');
    INSERT INTO `district` VALUES ('118', 'Huyen Quynh Nhai', 'Huyen', '14');
    INSERT INTO `district` VALUES ('119', 'Huyen Thuan Chau', 'Huyen', '14');
    INSERT INTO `district` VALUES ('120', 'Huyen Muong La', 'Huyen', '14');
    INSERT INTO `district` VALUES ('121', 'Huyen Bac Yen', 'Huyen', '14');
    INSERT INTO `district` VALUES ('122', 'Huyen Phu Yen', 'Huyen', '14');
    INSERT INTO `district` VALUES ('123', 'Huyen Moc Chau', 'Huyen', '14');
    INSERT INTO `district` VALUES ('124', 'Huyen Yen Chau', 'Huyen', '14');
    INSERT INTO `district` VALUES ('125', 'Huyen Mai Son', 'Huyen', '14');
    INSERT INTO `district` VALUES ('126', 'Huyen Song Ma', 'Huyen', '14');
    INSERT INTO `district` VALUES ('127', 'Huyen Sop Cop', 'Huyen', '14');
    INSERT INTO `district` VALUES ('128', 'Huyen Van Ho', 'Huyen', '14');
    INSERT INTO `district` VALUES ('132', 'Thanh pho Yen Bai', 'Thanh pho', '15');
    INSERT INTO `district` VALUES ('133', 'Thi xa Nghia Lo', 'Thi xa', '15');
    INSERT INTO `district` VALUES ('135', 'Huyen Luc Yen', 'Huyen', '15');
    INSERT INTO `district` VALUES ('136', 'Huyen Van Yen', 'Huyen', '15');
    INSERT INTO `district` VALUES ('137', 'Huyen Mu Cang Chai', 'Huyen', '15');
    INSERT INTO `district` VALUES ('138', 'Huyen Tran Yen', 'Huyen', '15');
    INSERT INTO `district` VALUES ('139', 'Huyen Tram Tau', 'Huyen', '15');
    INSERT INTO `district` VALUES ('140', 'Huyen Van Chan', 'Huyen', '15');
    INSERT INTO `district` VALUES ('141', 'Huyen Yen Binh', 'Huyen', '15');
    INSERT INTO `district` VALUES ('148', 'Thanh pho Hoa Binh', 'Thanh pho', '17');
    INSERT INTO `district` VALUES ('150', 'Huyen Da Bac', 'Huyen', '17');
    INSERT INTO `district` VALUES ('151', 'Huyen Ky Son', 'Huyen', '17');
    INSERT INTO `district` VALUES ('152', 'Huyen Luong Son', 'Huyen', '17');
    INSERT INTO `district` VALUES ('153', 'Huyen Kim Boi', 'Huyen', '17');
    INSERT INTO `district` VALUES ('154', 'Huyen Cao Phong', 'Huyen', '17');
    INSERT INTO `district` VALUES ('155', 'Huyen Tan Lac', 'Huyen', '17');
    INSERT INTO `district` VALUES ('156', 'Huyen Mai Chau', 'Huyen', '17');
    INSERT INTO `district` VALUES ('157', 'Huyen Lac Son', 'Huyen', '17');
    INSERT INTO `district` VALUES ('158', 'Huyen Yen Thuy', 'Huyen', '17');
    INSERT INTO `district` VALUES ('159', 'Huyen Lac Thuy', 'Huyen', '17');
    INSERT INTO `district` VALUES ('164', 'Thanh pho Thai Nguyen', 'Thanh pho', '19');
    INSERT INTO `district` VALUES ('165', 'Thanh pho Song Cong', 'Thanh pho', '19');
    INSERT INTO `district` VALUES ('167', 'Huyen Dinh Hoa', 'Huyen', '19');
    INSERT INTO `district` VALUES ('168', 'Huyen Phu Luong', 'Huyen', '19');
    INSERT INTO `district` VALUES ('169', 'Huyen Dong Hy', 'Huyen', '19');
    INSERT INTO `district` VALUES ('170', 'Huyen Vo Nhai', 'Huyen', '19');
    INSERT INTO `district` VALUES ('171', 'Huyen Dai Tu', 'Huyen', '19');
    INSERT INTO `district` VALUES ('172', 'Thi xa Pho Yen', 'Thi xa', '19');
    INSERT INTO `district` VALUES ('173', 'Huyen Phu Binh', 'Huyen', '19');
    INSERT INTO `district` VALUES ('178', 'Thanh pho Lang Son', 'Thanh pho', '20');
    INSERT INTO `district` VALUES ('180', 'Huyen Trang Dinh', 'Huyen', '20');
    INSERT INTO `district` VALUES ('181', 'Huyen Binh Gia', 'Huyen', '20');
    INSERT INTO `district` VALUES ('182', 'Huyen Van Lang', 'Huyen', '20');
    INSERT INTO `district` VALUES ('183', 'Huyen Cao Loc', 'Huyen', '20');
    INSERT INTO `district` VALUES ('184', 'Huyen Van Quan', 'Huyen', '20');
    INSERT INTO `district` VALUES ('185', 'Huyen Bac Son', 'Huyen', '20');
    INSERT INTO `district` VALUES ('186', 'Huyen Huu Lung', 'Huyen', '20');
    INSERT INTO `district` VALUES ('187', 'Huyen Chi Lang', 'Huyen', '20');
    INSERT INTO `district` VALUES ('188', 'Huyen Loc Binh', 'Huyen', '20');
    INSERT INTO `district` VALUES ('189', 'Huyen Dinh Lap', 'Huyen', '20');
    INSERT INTO `district` VALUES ('193', 'Thanh pho Ha Long', 'Thanh pho', '22');
    INSERT INTO `district` VALUES ('194', 'Thanh pho Mong Cai', 'Thanh pho', '22');
    INSERT INTO `district` VALUES ('195', 'Thanh pho Cam Pha', 'Thanh pho', '22');
    INSERT INTO `district` VALUES ('196', 'Thanh pho Uong Bi', 'Thanh pho', '22');
    INSERT INTO `district` VALUES ('198', 'Huyen Binh Lieu', 'Huyen', '22');
    INSERT INTO `district` VALUES ('199', 'Huyen Tien Yen', 'Huyen', '22');
    INSERT INTO `district` VALUES ('200', 'Huyen Dam Ha', 'Huyen', '22');
    INSERT INTO `district` VALUES ('201', 'Huyen Hai Ha', 'Huyen', '22');
    INSERT INTO `district` VALUES ('202', 'Huyen Ba Che', 'Huyen', '22');
    INSERT INTO `district` VALUES ('203', 'Huyen Van Don', 'Huyen', '22');
    INSERT INTO `district` VALUES ('204', 'Huyen Hoanh Bo', 'Huyen', '22');
    INSERT INTO `district` VALUES ('205', 'Thi xa Dong Trieu', 'Thi xa', '22');
    INSERT INTO `district` VALUES ('206', 'Thi xa Quang Yen', 'Thi xa', '22');
    INSERT INTO `district` VALUES ('207', 'Huyen Co To', 'Huyen', '22');
    INSERT INTO `district` VALUES ('213', 'Thanh pho Bac Giang', 'Thanh pho', '24');
    INSERT INTO `district` VALUES ('215', 'Huyen Yen The', 'Huyen', '24');
    INSERT INTO `district` VALUES ('216', 'Huyen Tan Yen', 'Huyen', '24');
    INSERT INTO `district` VALUES ('217', 'Huyen Lang Giang', 'Huyen', '24');
    INSERT INTO `district` VALUES ('218', 'Huyen Luc Nam', 'Huyen', '24');
    INSERT INTO `district` VALUES ('219', 'Huyen Luc Ngan', 'Huyen', '24');
    INSERT INTO `district` VALUES ('220', 'Huyen Son Dong', 'Huyen', '24');
    INSERT INTO `district` VALUES ('221', 'Huyen Yen Dung', 'Huyen', '24');
    INSERT INTO `district` VALUES ('222', 'Huyen Viet Yen', 'Huyen', '24');
    INSERT INTO `district` VALUES ('223', 'Huyen Hiep Hoa', 'Huyen', '24');
    INSERT INTO `district` VALUES ('227', 'Thanh pho Viet Tri', 'Thanh pho', '25');
    INSERT INTO `district` VALUES ('228', 'Thi xa Phu Tho', 'Thi xa', '25');
    INSERT INTO `district` VALUES ('230', 'Huyen Doan Hung', 'Huyen', '25');
    INSERT INTO `district` VALUES ('231', 'Huyen Ha Hoa', 'Huyen', '25');
    INSERT INTO `district` VALUES ('232', 'Huyen Thanh Ba', 'Huyen', '25');
    INSERT INTO `district` VALUES ('233', 'Huyen Phu Ninh', 'Huyen', '25');
    INSERT INTO `district` VALUES ('234', 'Huyen Yen Lap', 'Huyen', '25');
    INSERT INTO `district` VALUES ('235', 'Huyen Cam Khe', 'Huyen', '25');
    INSERT INTO `district` VALUES ('236', 'Huyen Tam Nong', 'Huyen', '25');
    INSERT INTO `district` VALUES ('237', 'Huyen Lam Thao', 'Huyen', '25');
    INSERT INTO `district` VALUES ('238', 'Huyen Thanh Son', 'Huyen', '25');
    INSERT INTO `district` VALUES ('239', 'Huyen Thanh Thuy', 'Huyen', '25');
    INSERT INTO `district` VALUES ('240', 'Huyen Tan Son', 'Huyen', '25');
    INSERT INTO `district` VALUES ('243', 'Thanh pho Vinh Yen', 'Thanh pho', '26');
    INSERT INTO `district` VALUES ('244', 'Thi xa Phuc Yen', 'Thi xa', '26');
    INSERT INTO `district` VALUES ('246', 'Huyen Lap Thach', 'Huyen', '26');
    INSERT INTO `district` VALUES ('247', 'Huyen Tam Duong', 'Huyen', '26');
    INSERT INTO `district` VALUES ('248', 'Huyen Tam Dao', 'Huyen', '26');
    INSERT INTO `district` VALUES ('249', 'Huyen Binh Xuyen', 'Huyen', '26');
    INSERT INTO `district` VALUES ('250', 'Huyen Me Linh', 'Huyen', '01');
    INSERT INTO `district` VALUES ('251', 'Huyen Yen Lac', 'Huyen', '26');
    INSERT INTO `district` VALUES ('252', 'Huyen Vinh Tuong', 'Huyen', '26');
    INSERT INTO `district` VALUES ('253', 'Huyen Song Lo', 'Huyen', '26');
    INSERT INTO `district` VALUES ('256', 'Thanh pho Bac Ninh', 'Thanh pho', '27');
    INSERT INTO `district` VALUES ('258', 'Huyen Yen Phong', 'Huyen', '27');
    INSERT INTO `district` VALUES ('259', 'Huyen Que Vo', 'Huyen', '27');
    INSERT INTO `district` VALUES ('260', 'Huyen Tien Du', 'Huyen', '27');
    INSERT INTO `district` VALUES ('261', 'Thi xa Tu Son', 'Thi xa', '27');
    INSERT INTO `district` VALUES ('262', 'Huyen Thuan Thanh', 'Huyen', '27');
    INSERT INTO `district` VALUES ('263', 'Huyen Gia Binh', 'Huyen', '27');
    INSERT INTO `district` VALUES ('264', 'Huyen Luong Tai', 'Huyen', '27');
    INSERT INTO `district` VALUES ('268', 'Quan Ha Dong', 'Quan', '01');
    INSERT INTO `district` VALUES ('269', 'Thi xa Son Tay', 'Thi xa', '01');
    INSERT INTO `district` VALUES ('271', 'Huyen Ba Vi', 'Huyen', '01');
    INSERT INTO `district` VALUES ('272', 'Huyen Phuc Tho', 'Huyen', '01');
    INSERT INTO `district` VALUES ('273', 'Huyen Dan Phuong', 'Huyen', '01');
    INSERT INTO `district` VALUES ('274', 'Huyen Hoai Duc', 'Huyen', '01');
    INSERT INTO `district` VALUES ('275', 'Huyen Quoc Oai', 'Huyen', '01');
    INSERT INTO `district` VALUES ('276', 'Huyen Thach That', 'Huyen', '01');
    INSERT INTO `district` VALUES ('277', 'Huyen Chuong My', 'Huyen', '01');
    INSERT INTO `district` VALUES ('278', 'Huyen Thanh Oai', 'Huyen', '01');
    INSERT INTO `district` VALUES ('279', 'Huyen Thuong Tin', 'Huyen', '01');
    INSERT INTO `district` VALUES ('280', 'Huyen Phu Xuyen', 'Huyen', '01');
    INSERT INTO `district` VALUES ('281', 'Huyen Ung Hoa', 'Huyen', '01');
    INSERT INTO `district` VALUES ('282', 'Huyen My Duc', 'Huyen', '01');
    INSERT INTO `district` VALUES ('288', 'Thanh pho Hai Duong', 'Thanh pho', '30');
    INSERT INTO `district` VALUES ('290', 'Thi xa Chi Linh', 'Thi xa', '30');
    INSERT INTO `district` VALUES ('291', 'Huyen Nam Sach', 'Huyen', '30');
    INSERT INTO `district` VALUES ('292', 'Huyen Kinh Mon', 'Huyen', '30');
    INSERT INTO `district` VALUES ('293', 'Huyen Kim Thanh', 'Huyen', '30');
    INSERT INTO `district` VALUES ('294', 'Huyen Thanh Ha', 'Huyen', '30');
    INSERT INTO `district` VALUES ('295', 'Huyen Cam Giang', 'Huyen', '30');
    INSERT INTO `district` VALUES ('296', 'Huyen Binh Giang', 'Huyen', '30');
    INSERT INTO `district` VALUES ('297', 'Huyen Gia Loc', 'Huyen', '30');
    INSERT INTO `district` VALUES ('298', 'Huyen Tu Ky', 'Huyen', '30');
    INSERT INTO `district` VALUES ('299', 'Huyen Ninh Giang', 'Huyen', '30');
    INSERT INTO `district` VALUES ('300', 'Huyen Thanh Mien', 'Huyen', '30');
    INSERT INTO `district` VALUES ('303', 'Quan Hong Bang', 'Quan', '31');
    INSERT INTO `district` VALUES ('304', 'Quan Ngo Quyen', 'Quan', '31');
    INSERT INTO `district` VALUES ('305', 'Quan Le Chan', 'Quan', '31');
    INSERT INTO `district` VALUES ('306', 'Quan Hai An', 'Quan', '31');
    INSERT INTO `district` VALUES ('307', 'Quan Kien An', 'Quan', '31');
    INSERT INTO `district` VALUES ('308', 'Quan Do Son', 'Quan', '31');
    INSERT INTO `district` VALUES ('309', 'Quan Duong Kinh', 'Quan', '31');
    INSERT INTO `district` VALUES ('311', 'Huyen Thuy Nguyen', 'Huyen', '31');
    INSERT INTO `district` VALUES ('312', 'Huyen An Duong', 'Huyen', '31');
    INSERT INTO `district` VALUES ('313', 'Huyen An Lao', 'Huyen', '31');
    INSERT INTO `district` VALUES ('314', 'Huyen Kien Thuy', 'Huyen', '31');
    INSERT INTO `district` VALUES ('315', 'Huyen Tien Lang', 'Huyen', '31');
    INSERT INTO `district` VALUES ('316', 'Huyen Vinh Bao', 'Huyen', '31');
    INSERT INTO `district` VALUES ('317', 'Huyen Cat Hai', 'Huyen', '31');
    INSERT INTO `district` VALUES ('318', 'Huyen Bach Long Vi', 'Huyen', '31');
    INSERT INTO `district` VALUES ('323', 'Thanh pho Hung Yen', 'Thanh pho', '33');
    INSERT INTO `district` VALUES ('325', 'Huyen Van Lam', 'Huyen', '33');
    INSERT INTO `district` VALUES ('326', 'Huyen Van Giang', 'Huyen', '33');
    INSERT INTO `district` VALUES ('327', 'Huyen Yen My', 'Huyen', '33');
    INSERT INTO `district` VALUES ('328', 'Huyen My Hao', 'Huyen', '33');
    INSERT INTO `district` VALUES ('329', 'Huyen An Thi', 'Huyen', '33');
    INSERT INTO `district` VALUES ('330', 'Huyen Khoai Chau', 'Huyen', '33');
    INSERT INTO `district` VALUES ('331', 'Huyen Kim Dong', 'Huyen', '33');
    INSERT INTO `district` VALUES ('332', 'Huyen Tien Lu', 'Huyen', '33');
    INSERT INTO `district` VALUES ('333', 'Huyen Phu Cu', 'Huyen', '33');
    INSERT INTO `district` VALUES ('336', 'Thanh pho Thai Binh', 'Thanh pho', '34');
    INSERT INTO `district` VALUES ('338', 'Huyen Quynh Phu', 'Huyen', '34');
    INSERT INTO `district` VALUES ('339', 'Huyen Hung Ha', 'Huyen', '34');
    INSERT INTO `district` VALUES ('340', 'Huyen Dong Hung', 'Huyen', '34');
    INSERT INTO `district` VALUES ('341', 'Huyen Thai Thuy', 'Huyen', '34');
    INSERT INTO `district` VALUES ('342', 'Huyen Tien Hai', 'Huyen', '34');
    INSERT INTO `district` VALUES ('343', 'Huyen Kien Xuong', 'Huyen', '34');
    INSERT INTO `district` VALUES ('344', 'Huyen Vu Thu', 'Huyen', '34');
    INSERT INTO `district` VALUES ('347', 'Thanh pho Phu Ly', 'Thanh pho', '35');
    INSERT INTO `district` VALUES ('349', 'Huyen Duy Tien', 'Huyen', '35');
    INSERT INTO `district` VALUES ('350', 'Huyen Kim Bang', 'Huyen', '35');
    INSERT INTO `district` VALUES ('351', 'Huyen Thanh Liem', 'Huyen', '35');
    INSERT INTO `district` VALUES ('352', 'Huyen Binh Luc', 'Huyen', '35');
    INSERT INTO `district` VALUES ('353', 'Huyen Ly Nhan', 'Huyen', '35');
    INSERT INTO `district` VALUES ('356', 'Thanh pho Nam Dinh', 'Thanh pho', '36');
    INSERT INTO `district` VALUES ('358', 'Huyen My Loc', 'Huyen', '36');
    INSERT INTO `district` VALUES ('359', 'Huyen Vu Ban', 'Huyen', '36');
    INSERT INTO `district` VALUES ('360', 'Huyen Y Yen', 'Huyen', '36');
    INSERT INTO `district` VALUES ('361', 'Huyen Nghia Hung', 'Huyen', '36');
    INSERT INTO `district` VALUES ('362', 'Huyen Nam Truc', 'Huyen', '36');
    INSERT INTO `district` VALUES ('363', 'Huyen Truc Ninh', 'Huyen', '36');
    INSERT INTO `district` VALUES ('364', 'Huyen Xuan Truong', 'Huyen', '36');
    INSERT INTO `district` VALUES ('365', 'Huyen Giao Thuy', 'Huyen', '36');
    INSERT INTO `district` VALUES ('366', 'Huyen Hai Hau', 'Huyen', '36');
    INSERT INTO `district` VALUES ('369', 'Thanh pho Ninh Binh', 'Thanh pho', '37');
    INSERT INTO `district` VALUES ('370', 'Thanh pho Tam Diep', 'Thanh pho', '37');
    INSERT INTO `district` VALUES ('372', 'Huyen Nho Quan', 'Huyen', '37');
    INSERT INTO `district` VALUES ('373', 'Huyen Gia Vien', 'Huyen', '37');
    INSERT INTO `district` VALUES ('374', 'Huyen Hoa Lu', 'Huyen', '37');
    INSERT INTO `district` VALUES ('375', 'Huyen Yen Khanh', 'Huyen', '37');
    INSERT INTO `district` VALUES ('376', 'Huyen Kim Son', 'Huyen', '37');
    INSERT INTO `district` VALUES ('377', 'Huyen Yen Mo', 'Huyen', '37');
    INSERT INTO `district` VALUES ('380', 'Thanh pho Thanh Hoa', 'Thanh pho', '38');
    INSERT INTO `district` VALUES ('381', 'Thi xa Bim Son', 'Thi xa', '38');
    INSERT INTO `district` VALUES ('382', 'Thi xa Sam Son', 'Thi xa', '38');
    INSERT INTO `district` VALUES ('384', 'Huyen Muong Lat', 'Huyen', '38');
    INSERT INTO `district` VALUES ('385', 'Huyen Quan Hoa', 'Huyen', '38');
    INSERT INTO `district` VALUES ('386', 'Huyen Ba Thuoc', 'Huyen', '38');
    INSERT INTO `district` VALUES ('387', 'Huyen Quan Son', 'Huyen', '38');
    INSERT INTO `district` VALUES ('388', 'Huyen Lang Chanh', 'Huyen', '38');
    INSERT INTO `district` VALUES ('389', 'Huyen Ngoc Lac', 'Huyen', '38');
    INSERT INTO `district` VALUES ('390', 'Huyen Cam Thuy', 'Huyen', '38');
    INSERT INTO `district` VALUES ('391', 'Huyen Thach Thanh', 'Huyen', '38');
    INSERT INTO `district` VALUES ('392', 'Huyen Ha Trung', 'Huyen', '38');
    INSERT INTO `district` VALUES ('393', 'Huyen Vinh Loc', 'Huyen', '38');
    INSERT INTO `district` VALUES ('394', 'Huyen Yen Dinh', 'Huyen', '38');
    INSERT INTO `district` VALUES ('395', 'Huyen Tho Xuan', 'Huyen', '38');
    INSERT INTO `district` VALUES ('396', 'Huyen Thuong Xuan', 'Huyen', '38');
    INSERT INTO `district` VALUES ('397', 'Huyen Trieu Son', 'Huyen', '38');
    INSERT INTO `district` VALUES ('398', 'Huyen Thieu Hoa', 'Huyen', '38');
    INSERT INTO `district` VALUES ('399', 'Huyen Hoang Hoa', 'Huyen', '38');
    INSERT INTO `district` VALUES ('400', 'Huyen Hau Loc', 'Huyen', '38');
    INSERT INTO `district` VALUES ('401', 'Huyen Nga Son', 'Huyen', '38');
    INSERT INTO `district` VALUES ('402', 'Huyen Nhu Xuan', 'Huyen', '38');
    INSERT INTO `district` VALUES ('403', 'Huyen Nhu Thanh', 'Huyen', '38');
    INSERT INTO `district` VALUES ('404', 'Huyen Nong Cong', 'Huyen', '38');
    INSERT INTO `district` VALUES ('405', 'Huyen Dong Son', 'Huyen', '38');
    INSERT INTO `district` VALUES ('406', 'Huyen Quang Xuong', 'Huyen', '38');
    INSERT INTO `district` VALUES ('407', 'Huyen Tinh Gia', 'Huyen', '38');
    INSERT INTO `district` VALUES ('412', 'Thanh pho Vinh', 'Thanh pho', '40');
    INSERT INTO `district` VALUES ('413', 'Thi xa Cua Lo', 'Thi xa', '40');
    INSERT INTO `district` VALUES ('414', 'Thi xa Thai Hoa', 'Thi xa', '40');
    INSERT INTO `district` VALUES ('415', 'Huyen Que Phong', 'Huyen', '40');
    INSERT INTO `district` VALUES ('416', 'Huyen Quy Chau', 'Huyen', '40');
    INSERT INTO `district` VALUES ('417', 'Huyen Ky Son', 'Huyen', '40');
    INSERT INTO `district` VALUES ('418', 'Huyen Tuong Duong', 'Huyen', '40');
    INSERT INTO `district` VALUES ('419', 'Huyen Nghia Dan', 'Huyen', '40');
    INSERT INTO `district` VALUES ('420', 'Huyen Quy Hop', 'Huyen', '40');
    INSERT INTO `district` VALUES ('421', 'Huyen Quynh Luu', 'Huyen', '40');
    INSERT INTO `district` VALUES ('422', 'Huyen Con Cuong', 'Huyen', '40');
    INSERT INTO `district` VALUES ('423', 'Huyen Tan Ky', 'Huyen', '40');
    INSERT INTO `district` VALUES ('424', 'Huyen Anh Son', 'Huyen', '40');
    INSERT INTO `district` VALUES ('425', 'Huyen Dien Chau', 'Huyen', '40');
    INSERT INTO `district` VALUES ('426', 'Huyen Yen Thanh', 'Huyen', '40');
    INSERT INTO `district` VALUES ('427', 'Huyen Do Luong', 'Huyen', '40');
    INSERT INTO `district` VALUES ('428', 'Huyen Thanh Chuong', 'Huyen', '40');
    INSERT INTO `district` VALUES ('429', 'Huyen Nghi Loc', 'Huyen', '40');
    INSERT INTO `district` VALUES ('430', 'Huyen Nam Dan', 'Huyen', '40');
    INSERT INTO `district` VALUES ('431', 'Huyen Hung Nguyen', 'Huyen', '40');
    INSERT INTO `district` VALUES ('432', 'Thi xa Hoang Mai', 'Thi xa', '40');
    INSERT INTO `district` VALUES ('436', 'Thanh pho Ha Tinh', 'Thanh pho', '42');
    INSERT INTO `district` VALUES ('437', 'Thi xa Hong Linh', 'Thi xa', '42');
    INSERT INTO `district` VALUES ('439', 'Huyen Huong Son', 'Huyen', '42');
    INSERT INTO `district` VALUES ('440', 'Huyen Duc Tho', 'Huyen', '42');
    INSERT INTO `district` VALUES ('441', 'Huyen Vu Quang', 'Huyen', '42');
    INSERT INTO `district` VALUES ('442', 'Huyen Nghi Xuan', 'Huyen', '42');
    INSERT INTO `district` VALUES ('443', 'Huyen Can Loc', 'Huyen', '42');
    INSERT INTO `district` VALUES ('444', 'Huyen Huong Khe', 'Huyen', '42');
    INSERT INTO `district` VALUES ('445', 'Huyen Thach Ha', 'Huyen', '42');
    INSERT INTO `district` VALUES ('446', 'Huyen Cam Xuyen', 'Huyen', '42');
    INSERT INTO `district` VALUES ('447', 'Huyen Ky Anh', 'Huyen', '42');
    INSERT INTO `district` VALUES ('448', 'Huyen Loc Ha', 'Huyen', '42');
    INSERT INTO `district` VALUES ('449', 'Thi xa Ky Anh', 'Thi xa', '42');
    INSERT INTO `district` VALUES ('450', 'Thanh Pho Dong Hoi', 'Thanh pho', '44');
    INSERT INTO `district` VALUES ('452', 'Huyen Minh Hoa', 'Huyen', '44');
    INSERT INTO `district` VALUES ('453', 'Huyen Tuyen Hoa', 'Huyen', '44');
    INSERT INTO `district` VALUES ('454', 'Huyen Quang Trach', 'Thi xa', '44');
    INSERT INTO `district` VALUES ('455', 'Huyen Bo Trach', 'Huyen', '44');
    INSERT INTO `district` VALUES ('456', 'Huyen Quang Ninh', 'Huyen', '44');
    INSERT INTO `district` VALUES ('457', 'Huyen Le Thuy', 'Huyen', '44');
    INSERT INTO `district` VALUES ('458', 'Thi xa Ba Don', 'Huyen', '44');
    INSERT INTO `district` VALUES ('461', 'Thanh pho Dong Ha', 'Thanh pho', '45');
    INSERT INTO `district` VALUES ('462', 'Thi xa Quang Tri', 'Thi xa', '45');
    INSERT INTO `district` VALUES ('464', 'Huyen Vinh Linh', 'Huyen', '45');
    INSERT INTO `district` VALUES ('465', 'Huyen Huong Hoa', 'Huyen', '45');
    INSERT INTO `district` VALUES ('466', 'Huyen Gio Linh', 'Huyen', '45');
    INSERT INTO `district` VALUES ('467', 'Huyen Da Krong', 'Huyen', '45');
    INSERT INTO `district` VALUES ('468', 'Huyen Cam Lo', 'Huyen', '45');
    INSERT INTO `district` VALUES ('469', 'Huyen Trieu Phong', 'Huyen', '45');
    INSERT INTO `district` VALUES ('470', 'Huyen Hai Lang', 'Huyen', '45');
    INSERT INTO `district` VALUES ('471', 'Huyen Con Co', 'Huyen', '45');
    INSERT INTO `district` VALUES ('474', 'Thanh pho Hue', 'Thanh pho', '46');
    INSERT INTO `district` VALUES ('476', 'Huyen Phong Dien', 'Huyen', '46');
    INSERT INTO `district` VALUES ('477', 'Huyen Quang Dien', 'Huyen', '46');
    INSERT INTO `district` VALUES ('478', 'Huyen Phu Vang', 'Huyen', '46');
    INSERT INTO `district` VALUES ('479', 'Thi xa Huong Thuy', 'Thi xa', '46');
    INSERT INTO `district` VALUES ('480', 'Thi xa Huong Tra', 'Thi xa', '46');
    INSERT INTO `district` VALUES ('481', 'Huyen A Luoi', 'Huyen', '46');
    INSERT INTO `district` VALUES ('482', 'Huyen Phu Loc', 'Huyen', '46');
    INSERT INTO `district` VALUES ('483', 'Huyen Nam Dong', 'Huyen', '46');
    INSERT INTO `district` VALUES ('490', 'Quan Lien Chieu', 'Quan', '48');
    INSERT INTO `district` VALUES ('491', 'Quan Thanh Khe', 'Quan', '48');
    INSERT INTO `district` VALUES ('492', 'Quan Hai Chau', 'Quan', '48');
    INSERT INTO `district` VALUES ('493', 'Quan Son Tra', 'Quan', '48');
    INSERT INTO `district` VALUES ('494', 'Quan Ngu Hanh Son', 'Quan', '48');
    INSERT INTO `district` VALUES ('495', 'Quan Cam Le', 'Quan', '48');
    INSERT INTO `district` VALUES ('497', 'Huyen Hoa Vang', 'Huyen', '48');
    INSERT INTO `district` VALUES ('498', 'Huyen Hoang Sa', 'Huyen', '48');
    INSERT INTO `district` VALUES ('502', 'Thanh pho Tam Ky', 'Thanh pho', '49');
    INSERT INTO `district` VALUES ('503', 'Thanh pho Hoi An', 'Thanh pho', '49');
    INSERT INTO `district` VALUES ('504', 'Huyen Tay Giang', 'Huyen', '49');
    INSERT INTO `district` VALUES ('505', 'Huyen Dong Giang', 'Huyen', '49');
    INSERT INTO `district` VALUES ('506', 'Huyen Dai Loc', 'Huyen', '49');
    INSERT INTO `district` VALUES ('507', 'Thi xa Dien Ban', 'Thi xa', '49');
    INSERT INTO `district` VALUES ('508', 'Huyen Duy Xuyen', 'Huyen', '49');
    INSERT INTO `district` VALUES ('509', 'Huyen Que Son', 'Huyen', '49');
    INSERT INTO `district` VALUES ('510', 'Huyen Nam Giang', 'Huyen', '49');
    INSERT INTO `district` VALUES ('511', 'Huyen Phuoc Son', 'Huyen', '49');
    INSERT INTO `district` VALUES ('512', 'Huyen Hiep Duc', 'Huyen', '49');
    INSERT INTO `district` VALUES ('513', 'Huyen Thang Binh', 'Huyen', '49');
    INSERT INTO `district` VALUES ('514', 'Huyen Tien Phuoc', 'Huyen', '49');
    INSERT INTO `district` VALUES ('515', 'Huyen Bac Tra My', 'Huyen', '49');
    INSERT INTO `district` VALUES ('516', 'Huyen Nam Tra My', 'Huyen', '49');
    INSERT INTO `district` VALUES ('517', 'Huyen Nui Thanh', 'Huyen', '49');
    INSERT INTO `district` VALUES ('518', 'Huyen Phu Ninh', 'Huyen', '49');
    INSERT INTO `district` VALUES ('519', 'Huyen Nong Son', 'Huyen', '49');
    INSERT INTO `district` VALUES ('522', 'Thanh pho Quang Ngai', 'Thanh pho', '51');
    INSERT INTO `district` VALUES ('524', 'Huyen Binh Son', 'Huyen', '51');
    INSERT INTO `district` VALUES ('525', 'Huyen Tra Bong', 'Huyen', '51');
    INSERT INTO `district` VALUES ('526', 'Huyen Tay Tra', 'Huyen', '51');
    INSERT INTO `district` VALUES ('527', 'Huyen Son Tinh', 'Huyen', '51');
    INSERT INTO `district` VALUES ('528', 'Huyen Tu Nghia', 'Huyen', '51');
    INSERT INTO `district` VALUES ('529', 'Huyen Son Ha', 'Huyen', '51');
    INSERT INTO `district` VALUES ('530', 'Huyen Son Tay', 'Huyen', '51');
    INSERT INTO `district` VALUES ('531', 'Huyen Minh Long', 'Huyen', '51');
    INSERT INTO `district` VALUES ('532', 'Huyen Nghia Hanh', 'Huyen', '51');
    INSERT INTO `district` VALUES ('533', 'Huyen Mo Duc', 'Huyen', '51');
    INSERT INTO `district` VALUES ('534', 'Huyen Duc Pho', 'Huyen', '51');
    INSERT INTO `district` VALUES ('535', 'Huyen Ba To', 'Huyen', '51');
    INSERT INTO `district` VALUES ('536', 'Huyen Ly Son', 'Huyen', '51');
    INSERT INTO `district` VALUES ('540', 'Thanh pho Qui Nhon', 'Thanh pho', '52');
    INSERT INTO `district` VALUES ('542', 'Huyen An Lao', 'Huyen', '52');
    INSERT INTO `district` VALUES ('543', 'Huyen Hoai Nhon', 'Huyen', '52');
    INSERT INTO `district` VALUES ('544', 'Huyen Hoai An', 'Huyen', '52');
    INSERT INTO `district` VALUES ('545', 'Huyen Phu My', 'Huyen', '52');
    INSERT INTO `district` VALUES ('546', 'Huyen Vinh Thanh', 'Huyen', '52');
    INSERT INTO `district` VALUES ('547', 'Huyen Tay Son', 'Huyen', '52');
    INSERT INTO `district` VALUES ('548', 'Huyen Phu Cat', 'Huyen', '52');
    INSERT INTO `district` VALUES ('549', 'Thi xa An Nhon', 'Thi xa', '52');
    INSERT INTO `district` VALUES ('550', 'Huyen Tuy Phuoc', 'Huyen', '52');
    INSERT INTO `district` VALUES ('551', 'Huyen Van Canh', 'Huyen', '52');
    INSERT INTO `district` VALUES ('555', 'Thanh pho Tuy Hoa', 'Thanh pho', '54');
    INSERT INTO `district` VALUES ('557', 'Thi xa Song Cau', 'Thi xa', '54');
    INSERT INTO `district` VALUES ('558', 'Huyen Dong Xuan', 'Huyen', '54');
    INSERT INTO `district` VALUES ('559', 'Huyen Tuy An', 'Huyen', '54');
    INSERT INTO `district` VALUES ('560', 'Huyen Son Hoa', 'Huyen', '54');
    INSERT INTO `district` VALUES ('561', 'Huyen Song Hinh', 'Huyen', '54');
    INSERT INTO `district` VALUES ('562', 'Huyen Tay Hoa', 'Huyen', '54');
    INSERT INTO `district` VALUES ('563', 'Huyen Phu Hoa', 'Huyen', '54');
    INSERT INTO `district` VALUES ('564', 'Huyen Dong Hoa', 'Huyen', '54');
    INSERT INTO `district` VALUES ('568', 'Thanh pho Nha Trang', 'Thanh pho', '56');
    INSERT INTO `district` VALUES ('569', 'Thanh pho Cam Ranh', 'Thanh pho', '56');
    INSERT INTO `district` VALUES ('570', 'Huyen Cam Lam', 'Huyen', '56');
    INSERT INTO `district` VALUES ('571', 'Huyen Van Ninh', 'Huyen', '56');
    INSERT INTO `district` VALUES ('572', 'Thi xa Ninh Hoa', 'Thi xa', '56');
    INSERT INTO `district` VALUES ('573', 'Huyen Khanh Vinh', 'Huyen', '56');
    INSERT INTO `district` VALUES ('574', 'Huyen Dien Khanh', 'Huyen', '56');
    INSERT INTO `district` VALUES ('575', 'Huyen Khanh Son', 'Huyen', '56');
    INSERT INTO `district` VALUES ('576', 'Huyen Truong Sa', 'Huyen', '56');
    INSERT INTO `district` VALUES ('582', 'Thanh pho Phan Rang-Thap Cham', 'Thanh pho', '58');
    INSERT INTO `district` VALUES ('584', 'Huyen Bac Ai', 'Huyen', '58');
    INSERT INTO `district` VALUES ('585', 'Huyen Ninh Son', 'Huyen', '58');
    INSERT INTO `district` VALUES ('586', 'Huyen Ninh Hai', 'Huyen', '58');
    INSERT INTO `district` VALUES ('587', 'Huyen Ninh Phuoc', 'Huyen', '58');
    INSERT INTO `district` VALUES ('588', 'Huyen Thuan Bac', 'Huyen', '58');
    INSERT INTO `district` VALUES ('589', 'Huyen Thuan Nam', 'Huyen', '58');
    INSERT INTO `district` VALUES ('593', 'Thanh pho Phan Thiet', 'Thanh pho', '60');
    INSERT INTO `district` VALUES ('594', 'Thi xa La Gi', 'Thi xa', '60');
    INSERT INTO `district` VALUES ('595', 'Huyen Tuy Phong', 'Huyen', '60');
    INSERT INTO `district` VALUES ('596', 'Huyen Bac Binh', 'Huyen', '60');
    INSERT INTO `district` VALUES ('597', 'Huyen Ham Thuan Bac', 'Huyen', '60');
    INSERT INTO `district` VALUES ('598', 'Huyen Ham Thuan Nam', 'Huyen', '60');
    INSERT INTO `district` VALUES ('599', 'Huyen Tanh Linh', 'Huyen', '60');
    INSERT INTO `district` VALUES ('600', 'Huyen Duc Linh', 'Huyen', '60');
    INSERT INTO `district` VALUES ('601', 'Huyen Ham Tan', 'Huyen', '60');
    INSERT INTO `district` VALUES ('602', 'Huyen Phu Qui', 'Huyen', '60');
    INSERT INTO `district` VALUES ('608', 'Thanh pho Kon Tum', 'Thanh pho', '62');
    INSERT INTO `district` VALUES ('610', 'Huyen Dak Glei', 'Huyen', '62');
    INSERT INTO `district` VALUES ('611', 'Huyen Ngoc Hoi', 'Huyen', '62');
    INSERT INTO `district` VALUES ('612', 'Huyen Dak To', 'Huyen', '62');
    INSERT INTO `district` VALUES ('613', 'Huyen Kon Plong', 'Huyen', '62');
    INSERT INTO `district` VALUES ('614', 'Huyen Kon Ray', 'Huyen', '62');
    INSERT INTO `district` VALUES ('615', 'Huyen Dak Ha', 'Huyen', '62');
    INSERT INTO `district` VALUES ('616', 'Huyen Sa Thay', 'Huyen', '62');
    INSERT INTO `district` VALUES ('617', 'Huyen Tu Mo Rong', 'Huyen', '62');
    INSERT INTO `district` VALUES ('618', 'Huyen Ia H Drai', 'Huyen', '62');
    INSERT INTO `district` VALUES ('622', 'Thanh pho Pleiku', 'Thanh pho', '64');
    INSERT INTO `district` VALUES ('623', 'Thi xa An Khe', 'Thi xa', '64');
    INSERT INTO `district` VALUES ('624', 'Thi xa Ayun Pa', 'Thi xa', '64');
    INSERT INTO `district` VALUES ('625', 'Huyen KBang', 'Huyen', '64');
    INSERT INTO `district` VALUES ('626', 'Huyen Dak Doa', 'Huyen', '64');
    INSERT INTO `district` VALUES ('627', 'Huyen Chu Pah', 'Huyen', '64');
    INSERT INTO `district` VALUES ('628', 'Huyen Ia Grai', 'Huyen', '64');
    INSERT INTO `district` VALUES ('629', 'Huyen Mang Yang', 'Huyen', '64');
    INSERT INTO `district` VALUES ('630', 'Huyen Kong Chro', 'Huyen', '64');
    INSERT INTO `district` VALUES ('631', 'Huyen Duc Co', 'Huyen', '64');
    INSERT INTO `district` VALUES ('632', 'Huyen Chu Prong', 'Huyen', '64');
    INSERT INTO `district` VALUES ('633', 'Huyen Chu Se', 'Huyen', '64');
    INSERT INTO `district` VALUES ('634', 'Huyen Dak Po', 'Huyen', '64');
    INSERT INTO `district` VALUES ('635', 'Huyen Ia Pa', 'Huyen', '64');
    INSERT INTO `district` VALUES ('637', 'Huyen Krong Pa', 'Huyen', '64');
    INSERT INTO `district` VALUES ('638', 'Huyen Phu Thien', 'Huyen', '64');
    INSERT INTO `district` VALUES ('639', 'Huyen Chu Puh', 'Huyen', '64');
    INSERT INTO `district` VALUES ('643', 'Thanh pho Buon Ma Thuot', 'Thanh pho', '66');
    INSERT INTO `district` VALUES ('644', 'Thi Xa Buon Ho', 'Thi xa', '66');
    INSERT INTO `district` VALUES ('645', 'Huyen Ea H leo', 'Huyen', '66');
    INSERT INTO `district` VALUES ('646', 'Huyen Ea Sup', 'Huyen', '66');
    INSERT INTO `district` VALUES ('647', 'Huyen Buon Don', 'Huyen', '66');
    INSERT INTO `district` VALUES ('648', 'Huyen Cu Mgar', 'Huyen', '66');
    INSERT INTO `district` VALUES ('649', 'Huyen Krong Buk', 'Huyen', '66');
    INSERT INTO `district` VALUES ('650', 'Huyen Krong Nang', 'Huyen', '66');
    INSERT INTO `district` VALUES ('651', 'Huyen Ea Kar', 'Huyen', '66');
    INSERT INTO `district` VALUES ('652', 'Huyen M\Drak', 'Huyen', '66');
    INSERT INTO `district` VALUES ('653', 'Huyen Krong Bong', 'Huyen', '66');
    INSERT INTO `district` VALUES ('654', 'Huyen Krong Pac', 'Huyen', '66');
    INSERT INTO `district` VALUES ('655', 'Huyen Krong A Na', 'Huyen', '66');
    INSERT INTO `district` VALUES ('656', 'Huyen Lak', 'Huyen', '66');
    INSERT INTO `district` VALUES ('657', 'Huyen Cu Kuin', 'Huyen', '66');
    INSERT INTO `district` VALUES ('660', 'Thi xa Gia Nghia', 'Thi xa', '67');
    INSERT INTO `district` VALUES ('661', 'Huyen Dak Glong', 'Huyen', '67');
    INSERT INTO `district` VALUES ('662', 'Huyen Cu Jut', 'Huyen', '67');
    INSERT INTO `district` VALUES ('663', 'Huyen Dak Mil', 'Huyen', '67');
    INSERT INTO `district` VALUES ('664', 'Huyen Krong No', 'Huyen', '67');
    INSERT INTO `district` VALUES ('665', 'Huyen Dak Song', 'Huyen', '67');
    INSERT INTO `district` VALUES ('666', 'Huyen Dak R\Lap', 'Huyen', '67');
    INSERT INTO `district` VALUES ('667', 'Huyen Tuy Duc', 'Huyen', '67');
    INSERT INTO `district` VALUES ('672', 'Thanh pho Da Lat', 'Thanh pho', '68');
    INSERT INTO `district` VALUES ('673', 'Thanh pho Bao Loc', 'Thanh pho', '68');
    INSERT INTO `district` VALUES ('674', 'Huyen Dam Rong', 'Huyen', '68');
    INSERT INTO `district` VALUES ('675', 'Huyen Lac Duong', 'Huyen', '68');
    INSERT INTO `district` VALUES ('676', 'Huyen Lam Ha', 'Huyen', '68');
    INSERT INTO `district` VALUES ('677', 'Huyen Don Duong', 'Huyen', '68');
    INSERT INTO `district` VALUES ('678', 'Huyen Duc Trong', 'Huyen', '68');
    INSERT INTO `district` VALUES ('679', 'Huyen Di Linh', 'Huyen', '68');
    INSERT INTO `district` VALUES ('680', 'Huyen Bao Lam', 'Huyen', '68');
    INSERT INTO `district` VALUES ('681', 'Huyen Da Huoai', 'Huyen', '68');
    INSERT INTO `district` VALUES ('682', 'Huyen Da Teh', 'Huyen', '68');
    INSERT INTO `district` VALUES ('683', 'Huyen Cat Tien', 'Huyen', '68');
    INSERT INTO `district` VALUES ('688', 'Thi xa Phuoc Long', 'Thi xa', '70');
    INSERT INTO `district` VALUES ('689', 'Thi xa Dong Xoai', 'Thi xa', '70');
    INSERT INTO `district` VALUES ('690', 'Thi xa Binh Long', 'Thi xa', '70');
    INSERT INTO `district` VALUES ('691', 'Huyen Bu Gia Map', 'Huyen', '70');
    INSERT INTO `district` VALUES ('692', 'Huyen Loc Ninh', 'Huyen', '70');
    INSERT INTO `district` VALUES ('693', 'Huyen Bu Dop', 'Huyen', '70');
    INSERT INTO `district` VALUES ('694', 'Huyen Hon Quan', 'Huyen', '70');
    INSERT INTO `district` VALUES ('695', 'Huyen Dong Phu', 'Huyen', '70');
    INSERT INTO `district` VALUES ('696', 'Huyen Bu Dang', 'Huyen', '70');
    INSERT INTO `district` VALUES ('697', 'Huyen Chon Thanh', 'Huyen', '70');
    INSERT INTO `district` VALUES ('698', 'Huyen Phu Rieng', 'Huyen', '70');
    INSERT INTO `district` VALUES ('703', 'Thanh pho Tay Ninh', 'Thanh pho', '72');
    INSERT INTO `district` VALUES ('705', 'Huyen Tan Bien', 'Huyen', '72');
    INSERT INTO `district` VALUES ('706', 'Huyen Tan Chau', 'Huyen', '72');
    INSERT INTO `district` VALUES ('707', 'Huyen Duong Minh Chau', 'Huyen', '72');
    INSERT INTO `district` VALUES ('708', 'Huyen Chau Thanh', 'Huyen', '72');
    INSERT INTO `district` VALUES ('709', 'Huyen Hoa Thanh', 'Huyen', '72');
    INSERT INTO `district` VALUES ('710', 'Huyen Go Dau', 'Huyen', '72');
    INSERT INTO `district` VALUES ('711', 'Huyen Ben Cau', 'Huyen', '72');
    INSERT INTO `district` VALUES ('712', 'Huyen Trang Bang', 'Huyen', '72');
    INSERT INTO `district` VALUES ('718', 'Thanh pho Thu Dau Mot', 'Thanh pho', '74');
    INSERT INTO `district` VALUES ('719', 'Huyen Bau Bang', 'Huyen', '74');
    INSERT INTO `district` VALUES ('720', 'Huyen Dau Tieng', 'Huyen', '74');
    INSERT INTO `district` VALUES ('721', 'Thi xa Ben Cat', 'Thi xa', '74');
    INSERT INTO `district` VALUES ('722', 'Huyen Phu Giao', 'Huyen', '74');
    INSERT INTO `district` VALUES ('723', 'Thi xa Tan Uyen', 'Thi xa', '74');
    INSERT INTO `district` VALUES ('724', 'Thi xa Di An', 'Thi xa', '74');
    INSERT INTO `district` VALUES ('725', 'Thi xa Thuan An', 'Thi xa', '74');
    INSERT INTO `district` VALUES ('726', 'Huyen Bac Tan Uyen', 'Huyen', '74');
    INSERT INTO `district` VALUES ('731', 'Thanh pho Bien Hoa', 'Thanh pho', '75');
    INSERT INTO `district` VALUES ('732', 'Thi xa Long Khanh', 'Thi xa', '75');
    INSERT INTO `district` VALUES ('734', 'Huyen Tan Phu', 'Huyen', '75');
    INSERT INTO `district` VALUES ('735', 'Huyen Vinh Cuu', 'Huyen', '75');
    INSERT INTO `district` VALUES ('736', 'Huyen Dinh Quan', 'Huyen', '75');
    INSERT INTO `district` VALUES ('737', 'Huyen Trang Bom', 'Huyen', '75');
    INSERT INTO `district` VALUES ('738', 'Huyen Thong Nhat', 'Huyen', '75');
    INSERT INTO `district` VALUES ('739', 'Huyen Cam My', 'Huyen', '75');
    INSERT INTO `district` VALUES ('740', 'Huyen Long Thanh', 'Huyen', '75');
    INSERT INTO `district` VALUES ('741', 'Huyen Xuan Loc', 'Huyen', '75');
    INSERT INTO `district` VALUES ('742', 'Huyen Nhon Trach', 'Huyen', '75');
    INSERT INTO `district` VALUES ('747', 'Thanh pho Vung Tau', 'Thanh pho', '77');
    INSERT INTO `district` VALUES ('748', 'Thanh pho Ba Ria', 'Thanh pho', '77');
    INSERT INTO `district` VALUES ('750', 'Huyen Chau Duc', 'Huyen', '77');
    INSERT INTO `district` VALUES ('751', 'Huyen Xuyen Moc', 'Huyen', '77');
    INSERT INTO `district` VALUES ('752', 'Huyen Long Dien', 'Huyen', '77');
    INSERT INTO `district` VALUES ('753', 'Huyen Dat Do', 'Huyen', '77');
    INSERT INTO `district` VALUES ('754', 'Huyen Tan Thanh', 'Huyen', '77');
    INSERT INTO `district` VALUES ('755', 'Huyen Con Dao', 'Huyen', '77');
    INSERT INTO `district` VALUES ('760', 'Quan 1', 'Quan', '79');
    INSERT INTO `district` VALUES ('761', 'Quan 12', 'Quan', '79');
    INSERT INTO `district` VALUES ('762', 'Quan Thu Duc', 'Quan', '79');
    INSERT INTO `district` VALUES ('763', 'Quan 9', 'Quan', '79');
    INSERT INTO `district` VALUES ('764', 'Quan Go Vap', 'Quan', '79');
    INSERT INTO `district` VALUES ('765', 'Quan Binh Thanh', 'Quan', '79');
    INSERT INTO `district` VALUES ('766', 'Quan Tan Binh', 'Quan', '79');
    INSERT INTO `district` VALUES ('767', 'Quan Tan Phu', 'Quan', '79');
    INSERT INTO `district` VALUES ('768', 'Quan Phu Nhuan', 'Quan', '79');
    INSERT INTO `district` VALUES ('769', 'Quan 2', 'Quan', '79');
    INSERT INTO `district` VALUES ('770', 'Quan 3', 'Quan', '79');
    INSERT INTO `district` VALUES ('771', 'Quan 10', 'Quan', '79');
    INSERT INTO `district` VALUES ('772', 'Quan 11', 'Quan', '79');
    INSERT INTO `district` VALUES ('773', 'Quan 4', 'Quan', '79');
    INSERT INTO `district` VALUES ('774', 'Quan 5', 'Quan', '79');
    INSERT INTO `district` VALUES ('775', 'Quan 6', 'Quan', '79');
    INSERT INTO `district` VALUES ('776', 'Quan 8', 'Quan', '79');
    INSERT INTO `district` VALUES ('777', 'Quan Binh Tan', 'Quan', '79');
    INSERT INTO `district` VALUES ('778', 'Quan 7', 'Quan', '79');
    INSERT INTO `district` VALUES ('783', 'Huyen Cu Chi', 'Huyen', '79');
    INSERT INTO `district` VALUES ('784', 'Huyen Hoc Mon', 'Huyen', '79');
    INSERT INTO `district` VALUES ('785', 'Huyen Binh Chanh', 'Huyen', '79');
    INSERT INTO `district` VALUES ('786', 'Huyen Nha Be', 'Huyen', '79');
    INSERT INTO `district` VALUES ('787', 'Huyen Can Gio', 'Huyen', '79');
    INSERT INTO `district` VALUES ('794', 'Thanh pho Tan An', 'Thanh pho', '80');
    INSERT INTO `district` VALUES ('795', 'Thi xa Kien Tuong', 'Thi xa', '80');
    INSERT INTO `district` VALUES ('796', 'Huyen Tan Hung', 'Huyen', '80');
    INSERT INTO `district` VALUES ('797', 'Huyen Vinh Hung', 'Huyen', '80');
    INSERT INTO `district` VALUES ('798', 'Huyen Moc Hoa', 'Huyen', '80');
    INSERT INTO `district` VALUES ('799', 'Huyen Tan Thanh', 'Huyen', '80');
    INSERT INTO `district` VALUES ('800', 'Huyen Thanh Hoa', 'Huyen', '80');
    INSERT INTO `district` VALUES ('801', 'Huyen Duc Hue', 'Huyen', '80');
    INSERT INTO `district` VALUES ('802', 'Huyen Duc Hoa', 'Huyen', '80');
    INSERT INTO `district` VALUES ('803', 'Huyen Ben Luc', 'Huyen', '80');
    INSERT INTO `district` VALUES ('804', 'Huyen Thu Thua', 'Huyen', '80');
    INSERT INTO `district` VALUES ('805', 'Huyen Tan Tru', 'Huyen', '80');
    INSERT INTO `district` VALUES ('806', 'Huyen Can Duoc', 'Huyen', '80');
    INSERT INTO `district` VALUES ('807', 'Huyen Can Giuoc', 'Huyen', '80');
    INSERT INTO `district` VALUES ('808', 'Huyen Chau Thanh', 'Huyen', '80');
    INSERT INTO `district` VALUES ('815', 'Thanh pho My Tho', 'Thanh pho', '82');
    INSERT INTO `district` VALUES ('816', 'Thi xa Go Cong', 'Thi xa', '82');
    INSERT INTO `district` VALUES ('817', 'Thi xa Cai Lay', 'Huyen', '82');
    INSERT INTO `district` VALUES ('818', 'Huyen Tan Phuoc', 'Huyen', '82');
    INSERT INTO `district` VALUES ('819', 'Huyen Cai Be', 'Huyen', '82');
    INSERT INTO `district` VALUES ('820', 'Huyen Cai Lay', 'Thi xa', '82');
    INSERT INTO `district` VALUES ('821', 'Huyen Chau Thanh', 'Huyen', '82');
    INSERT INTO `district` VALUES ('822', 'Huyen Cho Gao', 'Huyen', '82');
    INSERT INTO `district` VALUES ('823', 'Huyen Go Cong Tay', 'Huyen', '82');
    INSERT INTO `district` VALUES ('824', 'Huyen Go Cong Dong', 'Huyen', '82');
    INSERT INTO `district` VALUES ('825', 'Huyen Tan Phu Dong', 'Huyen', '82');
    INSERT INTO `district` VALUES ('829', 'Thanh pho Ben Tre', 'Thanh pho', '83');
    INSERT INTO `district` VALUES ('831', 'Huyen Chau Thanh', 'Huyen', '83');
    INSERT INTO `district` VALUES ('832', 'Huyen Cho Lach', 'Huyen', '83');
    INSERT INTO `district` VALUES ('833', 'Huyen Mo Cay Nam', 'Huyen', '83');
    INSERT INTO `district` VALUES ('834', 'Huyen Giong Trom', 'Huyen', '83');
    INSERT INTO `district` VALUES ('835', 'Huyen Binh Dai', 'Huyen', '83');
    INSERT INTO `district` VALUES ('836', 'Huyen Ba Tri', 'Huyen', '83');
    INSERT INTO `district` VALUES ('837', 'Huyen Thanh Phu', 'Huyen', '83');
    INSERT INTO `district` VALUES ('838', 'Huyen Mo Cay Bac', 'Huyen', '83');
    INSERT INTO `district` VALUES ('842', 'Thanh pho Tra Vinh', 'Thanh pho', '84');
    INSERT INTO `district` VALUES ('844', 'Huyen Cang Long', 'Huyen', '84');
    INSERT INTO `district` VALUES ('845', 'Huyen Cau Ke', 'Huyen', '84');
    INSERT INTO `district` VALUES ('846', 'Huyen Tieu Can', 'Huyen', '84');
    INSERT INTO `district` VALUES ('847', 'Huyen Chau Thanh', 'Huyen', '84');
    INSERT INTO `district` VALUES ('848', 'Huyen Cau Ngang', 'Huyen', '84');
    INSERT INTO `district` VALUES ('849', 'Huyen Tra Cu', 'Huyen', '84');
    INSERT INTO `district` VALUES ('850', 'Huyen Duyen Hai', 'Huyen', '84');
    INSERT INTO `district` VALUES ('851', 'Thi xa Duyen Hai', 'Thi xa', '84');
    INSERT INTO `district` VALUES ('855', 'Thanh pho Vinh Long', 'Thanh pho', '86');
    INSERT INTO `district` VALUES ('857', 'Huyen Long Ho', 'Huyen', '86');
    INSERT INTO `district` VALUES ('858', 'Huyen Mang Thit', 'Huyen', '86');
    INSERT INTO `district` VALUES ('859', 'Huyen  Vung Liem', 'Huyen', '86');
    INSERT INTO `district` VALUES ('860', 'Huyen Tam Binh', 'Huyen', '86');
    INSERT INTO `district` VALUES ('861', 'Thi xa Binh Minh', 'Thi xa', '86');
    INSERT INTO `district` VALUES ('862', 'Huyen Tra On', 'Huyen', '86');
    INSERT INTO `district` VALUES ('863', 'Huyen Binh Tan', 'Huyen', '86');
    INSERT INTO `district` VALUES ('866', 'Thanh pho Cao Lanh', 'Thanh pho', '87');
    INSERT INTO `district` VALUES ('867', 'Thanh pho Sa Dec', 'Thanh pho', '87');
    INSERT INTO `district` VALUES ('868', 'Thi xa Hong Ngu', 'Thi xa', '87');
    INSERT INTO `district` VALUES ('869', 'Huyen Tan Hong', 'Huyen', '87');
    INSERT INTO `district` VALUES ('870', 'Huyen Hong Ngu', 'Huyen', '87');
    INSERT INTO `district` VALUES ('871', 'Huyen Tam Nong', 'Huyen', '87');
    INSERT INTO `district` VALUES ('872', 'Huyen Thap Muoi', 'Huyen', '87');
    INSERT INTO `district` VALUES ('873', 'Huyen Cao Lanh', 'Huyen', '87');
    INSERT INTO `district` VALUES ('874', 'Huyen Thanh Binh', 'Huyen', '87');
    INSERT INTO `district` VALUES ('875', 'Huyen Lap Vo', 'Huyen', '87');
    INSERT INTO `district` VALUES ('876', 'Huyen Lai Vung', 'Huyen', '87');
    INSERT INTO `district` VALUES ('877', 'Huyen Chau Thanh', 'Huyen', '87');
    INSERT INTO `district` VALUES ('883', 'Thanh pho Long Xuyen', 'Thanh pho', '89');
    INSERT INTO `district` VALUES ('884', 'Thanh pho Chau Doc', 'Thanh pho', '89');
    INSERT INTO `district` VALUES ('886', 'Huyen An Phu', 'Huyen', '89');
    INSERT INTO `district` VALUES ('887', 'Thi xa Tan Chau', 'Thi xa', '89');
    INSERT INTO `district` VALUES ('888', 'Huyen Phu Tan', 'Huyen', '89');
    INSERT INTO `district` VALUES ('889', 'Huyen Chau Phu', 'Huyen', '89');
    INSERT INTO `district` VALUES ('890', 'Huyen Tinh Bien', 'Huyen', '89');
    INSERT INTO `district` VALUES ('891', 'Huyen Tri Ton', 'Huyen', '89');
    INSERT INTO `district` VALUES ('892', 'Huyen Chau Thanh', 'Huyen', '89');
    INSERT INTO `district` VALUES ('893', 'Huyen Cho Moi', 'Huyen', '89');
    INSERT INTO `district` VALUES ('894', 'Huyen Thoai Son', 'Huyen', '89');
    INSERT INTO `district` VALUES ('899', 'Thanh pho Rach Gia', 'Thanh pho', '91');
    INSERT INTO `district` VALUES ('900', 'Thi xa Ha Tien', 'Thi xa', '91');
    INSERT INTO `district` VALUES ('902', 'Huyen Kien Luong', 'Huyen', '91');
    INSERT INTO `district` VALUES ('903', 'Huyen Hon Dat', 'Huyen', '91');
    INSERT INTO `district` VALUES ('904', 'Huyen Tan Hiep', 'Huyen', '91');
    INSERT INTO `district` VALUES ('905', 'Huyen Chau Thanh', 'Huyen', '91');
    INSERT INTO `district` VALUES ('906', 'Huyen Giong Rieng', 'Huyen', '91');
    INSERT INTO `district` VALUES ('907', 'Huyen Go Quao', 'Huyen', '91');
    INSERT INTO `district` VALUES ('908', 'Huyen An Bien', 'Huyen', '91');
    INSERT INTO `district` VALUES ('909', 'Huyen An Minh', 'Huyen', '91');
    INSERT INTO `district` VALUES ('910', 'Huyen Vinh Thuan', 'Huyen', '91');
    INSERT INTO `district` VALUES ('911', 'Huyen Phu Quoc', 'Huyen', '91');
    INSERT INTO `district` VALUES ('912', 'Huyen Kien Hai', 'Huyen', '91');
    INSERT INTO `district` VALUES ('913', 'Huyen U Minh Thuong', 'Huyen', '91');
    INSERT INTO `district` VALUES ('914', 'Huyen Giang Thanh', 'Huyen', '91');
    INSERT INTO `district` VALUES ('916', 'Quan Ninh Kieu', 'Quan', '92');
    INSERT INTO `district` VALUES ('917', 'Quan O Mon', 'Quan', '92');
    INSERT INTO `district` VALUES ('918', 'Quan Binh Thuy', 'Quan', '92');
    INSERT INTO `district` VALUES ('919', 'Quan Cai Rang', 'Quan', '92');
    INSERT INTO `district` VALUES ('923', 'Quan Thot Not', 'Quan', '92');
    INSERT INTO `district` VALUES ('924', 'Huyen Vinh Thanh', 'Huyen', '92');
    INSERT INTO `district` VALUES ('925', 'Huyen Co Do', 'Huyen', '92');
    INSERT INTO `district` VALUES ('926', 'Huyen Phong Dien', 'Huyen', '92');
    INSERT INTO `district` VALUES ('927', 'Huyen Thoi Lai', 'Huyen', '92');
    INSERT INTO `district` VALUES ('930', 'Thanh pho Vi Thanh', 'Thanh pho', '93');
    INSERT INTO `district` VALUES ('931', 'Thi xa Nga Bay', 'Thi xa', '93');
    INSERT INTO `district` VALUES ('932', 'Huyen Chau Thanh A', 'Huyen', '93');
    INSERT INTO `district` VALUES ('933', 'Huyen Chau Thanh', 'Huyen', '93');
    INSERT INTO `district` VALUES ('934', 'Huyen Phung Hiep', 'Huyen', '93');
    INSERT INTO `district` VALUES ('935', 'Huyen Vi Thuy', 'Huyen', '93');
    INSERT INTO `district` VALUES ('936', 'Huyen Long My', 'Huyen', '93');
    INSERT INTO `district` VALUES ('937', 'Thi xa Long My', 'Thi xa', '93');
    INSERT INTO `district` VALUES ('941', 'Thanh pho Soc Trang', 'Thanh pho', '94');
    INSERT INTO `district` VALUES ('942', 'Huyen Chau Thanh', 'Huyen', '94');
    INSERT INTO `district` VALUES ('943', 'Huyen Ke Sach', 'Huyen', '94');
    INSERT INTO `district` VALUES ('944', 'Huyen My Tu', 'Huyen', '94');
    INSERT INTO `district` VALUES ('945', 'Huyen Cu Lao Dung', 'Huyen', '94');
    INSERT INTO `district` VALUES ('946', 'Huyen Long Phu', 'Huyen', '94');
    INSERT INTO `district` VALUES ('947', 'Huyen My Xuyen', 'Huyen', '94');
    INSERT INTO `district` VALUES ('948', 'Thi xa Nga Nam', 'Thi xa', '94');
    INSERT INTO `district` VALUES ('949', 'Huyen Thanh Tri', 'Huyen', '94');
    INSERT INTO `district` VALUES ('950', 'Thi xa Vinh Chau', 'Thi xa', '94');
    INSERT INTO `district` VALUES ('951', 'Huyen Tran De', 'Huyen', '94');
    INSERT INTO `district` VALUES ('954', 'Thanh pho Bac Lieu', 'Thanh pho', '95');
    INSERT INTO `district` VALUES ('956', 'Huyen Hong Dan', 'Huyen', '95');
    INSERT INTO `district` VALUES ('957', 'Huyen Phuoc Long', 'Huyen', '95');
    INSERT INTO `district` VALUES ('958', 'Huyen Vinh Loi', 'Huyen', '95');
    INSERT INTO `district` VALUES ('959', 'Thi xa Gia Rai', 'Thi xa', '95');
    INSERT INTO `district` VALUES ('960', 'Huyen Dong Hai', 'Huyen', '95');
    INSERT INTO `district` VALUES ('961', 'Huyen Hoa Binh', 'Huyen', '95');
    INSERT INTO `district` VALUES ('964', 'Thanh pho Ca Mau', 'Thanh pho', '96');
    INSERT INTO `district` VALUES ('966', 'Huyen U Minh', 'Huyen', '96');
    INSERT INTO `district` VALUES ('967', 'Huyen Thoi Binh', 'Huyen', '96');
    INSERT INTO `district` VALUES ('968', 'Huyen Tran Van Thoi', 'Huyen', '96');
    INSERT INTO `district` VALUES ('969', 'Huyen Cai Nuoc', 'Huyen', '96');
    INSERT INTO `district` VALUES ('970', 'Huyen Dam Doi', 'Huyen', '96');
    INSERT INTO `district` VALUES ('971', 'Huyen Nam Can', 'Huyen', '96');
    INSERT INTO `district` VALUES ('972', 'Huyen Phu Tan', 'Huyen', '96');
    INSERT INTO `district` VALUES ('973', 'Huyen Ngoc Hien', 'Huyen', '96');


