/*create database fitmax;*/
/*use fitmax;*/

/*select * from role;*/
insert into role(role_id,role_name,description) values ('ROLE01','Admin','');
insert into role(role_id,role_name,description) values ('ROLE02','Studio Manager','');
insert into role(role_id,role_name,description) values ('ROLE03','Assistant','');
insert into role(role_id,role_name,description) values ('ROLE04','Trainer','');
insert into role(role_id,role_name,description) values ('ROLE05','Trainee','');

-- ----------------------------
    -- Records of city
    INSERT INTO `city` VALUES ('01', 'Ha Noi', 'Trung uong');
    INSERT INTO `city` VALUES ('02', 'Ha Giang', 'Tinh');
    INSERT INTO `city` VALUES ('04', 'Cao Bang', 'Tinh');
    INSERT INTO `city` VALUES ('06', 'Bac Kan', 'Tinh');
    INSERT INTO `city` VALUES ('08', 'Tuyen Quang', 'Tinh');
    INSERT INTO `city` VALUES ('10', 'Lao Cai', 'Tinh');
    INSERT INTO `city` VALUES ('11', 'Dien Bien', 'Tinh');
    INSERT INTO `city` VALUES ('12', 'Lai Chau', 'Tinh');
    INSERT INTO `city` VALUES ('14', 'Son La', 'Tinh');
    INSERT INTO `city` VALUES ('15', 'Yen Bai', 'Tinh');
    INSERT INTO `city` VALUES ('17', 'Hoa Binh', 'Tinh');
    INSERT INTO `city` VALUES ('19', 'Thai Nguyen', 'Tinh');
    INSERT INTO `city` VALUES ('20', 'Lang Son', 'Tinh');
    INSERT INTO `city` VALUES ('22', 'Quang Ninh', 'Tinh');
    INSERT INTO `city` VALUES ('24', 'Bac Giang', 'Tinh');
    INSERT INTO `city` VALUES ('25', 'Phu Tho', 'Tinh');
    INSERT INTO `city` VALUES ('26', 'Vinh Phuc', 'Tinh');
    INSERT INTO `city` VALUES ('27', 'Bac Ninh', 'Tinh');
    INSERT INTO `city` VALUES ('30', 'Hai Duong', 'Tinh');
    INSERT INTO `city` VALUES ('31', 'Hai Phong', 'Trung uong');
    INSERT INTO `city` VALUES ('33', 'Hung Yen', 'Tinh');
    INSERT INTO `city` VALUES ('34', 'Thai Binh', 'Tinh');
    INSERT INTO `city` VALUES ('35', 'Ha Nam', 'Tinh');
    INSERT INTO `city` VALUES ('36', 'Nam Dinh', 'Tinh');
    INSERT INTO `city` VALUES ('37', 'Ninh Binh', 'Tinh');
    INSERT INTO `city` VALUES ('38', 'Thanh Hoa', 'Tinh');
    INSERT INTO `city` VALUES ('40', 'Nghe An', 'Tinh');
    INSERT INTO `city` VALUES ('42', 'Ha Tinh', 'Tinh');
    INSERT INTO `city` VALUES ('44', 'Quang Binh', 'Tinh');
    INSERT INTO `city` VALUES ('45', 'Quang Tri', 'Tinh');
    INSERT INTO `city` VALUES ('46', 'Thua Thien Hue', 'Tinh');
    INSERT INTO `city` VALUES ('48', 'Da Nang', 'Trung uong');
    INSERT INTO `city` VALUES ('49', 'Quang Nam', 'Tinh');
    INSERT INTO `city` VALUES ('51', 'Quang Ngai', 'Tinh');
    INSERT INTO `city` VALUES ('52', 'Binh Dinh', 'Tinh');
    INSERT INTO `city` VALUES ('54', 'Phu Yen', 'Tinh');
    INSERT INTO `city` VALUES ('56', 'Khanh Hoa', 'Tinh');
    INSERT INTO `city` VALUES ('58', 'Ninh Thuan', 'Tinh');
    INSERT INTO `city` VALUES ('60', 'Binh Thuan', 'Tinh');
    INSERT INTO `city` VALUES ('62', 'Kon Tum', 'Tinh');
    INSERT INTO `city` VALUES ('64', 'Gia Lai', 'Tinh');
    INSERT INTO `city` VALUES ('66', 'Dak Lak', 'Tinh');
    INSERT INTO `city` VALUES ('67', 'Dak Nong', 'Tinh');
    INSERT INTO `city` VALUES ('68', 'Lam Dong', 'Tinh');
    INSERT INTO `city` VALUES ('70', 'Binh Phuoc', 'Tinh');
    INSERT INTO `city` VALUES ('72', 'Tay Ninh', 'Tinh');
    INSERT INTO `city` VALUES ('74', 'Binh Duong', 'Tinh');
    INSERT INTO `city` VALUES ('75', 'Dong Nai', 'Tinh');
    INSERT INTO `city` VALUES ('77', 'Ba Ria - Vung Tau', 'Tinh');
    INSERT INTO `city` VALUES ('79', 'Ho Chi Minh', 'Trung uong');
    INSERT INTO `city` VALUES ('80', 'Long An', 'Tinh');
    INSERT INTO `city` VALUES ('82', 'Tien Giang', 'Tinh');
    INSERT INTO `city` VALUES ('83', 'Ben Tre', 'Tinh');
    INSERT INTO `city` VALUES ('84', 'Tra Vinh', 'Tinh');
    INSERT INTO `city` VALUES ('86', 'Vinh Long', 'Tinh');
    INSERT INTO `city` VALUES ('87', 'Dong Thap', 'Tinh');
    INSERT INTO `city` VALUES ('89', 'An Giang', 'Tinh');
    INSERT INTO `city` VALUES ('91', 'Kien Giang', 'Tinh');
    INSERT INTO `city` VALUES ('92', 'Can Tho', 'Trung uong');
    INSERT INTO `city` VALUES ('93', 'Hau Giang', 'Tinh');
    INSERT INTO `city` VALUES ('94', 'Soc Trang', 'Tinh');
    INSERT INTO `city` VALUES ('95', 'Bac Lieu', 'Tinh');
    INSERT INTO `city` VALUES ('96', 'Ca Mau', 'Tinh');

    -- ----------------------------
    INSERT INTO `district` VALUES ('001', 'Ba Dinh', 'Quan', '01');
INSERT INTO `district` VALUES ('002', 'Hoan Kiem', 'Quan', '01');
INSERT INTO `district` VALUES ('003', 'Tay Ho', 'Quan', '01');
INSERT INTO `district` VALUES ('004', 'Long Bien', 'Quan', '01');
INSERT INTO `district` VALUES ('005', 'Cau Giay', 'Quan', '01');
INSERT INTO `district` VALUES ('006', 'Dong Da', 'Quan', '01');
INSERT INTO `district` VALUES ('007', 'Hai Ba Trung', 'Quan', '01');
INSERT INTO `district` VALUES ('008', 'Hoang Mai', 'Quan', '01');
INSERT INTO `district` VALUES ('009', 'Thanh Xuan', 'Quan', '01');
INSERT INTO `district` VALUES ('016', 'Soc Son', 'Huyen', '01');
INSERT INTO `district` VALUES ('017', 'Dong Anh', 'Huyen', '01');
INSERT INTO `district` VALUES ('018', 'Gia Lam', 'Huyen', '01');
INSERT INTO `district` VALUES ('019', 'Nam Tu Liem', 'Quan', '01');
INSERT INTO `district` VALUES ('020', 'Thanh Tri', 'Huyen', '01');
INSERT INTO `district` VALUES ('021', 'Bac Tu Liem', 'Quan', '01');
INSERT INTO `district` VALUES ('024', 'Ha Giang', 'Thanh pho', '02');
INSERT INTO `district` VALUES ('026', 'Dong Van', 'Huyen', '02');
INSERT INTO `district` VALUES ('027', 'Meo Vac', 'Huyen', '02');
INSERT INTO `district` VALUES ('028', 'Yen Minh', 'Huyen', '02');
INSERT INTO `district` VALUES ('029', 'Ba', 'Huyen', '02');
INSERT INTO `district` VALUES ('030', 'Vi Xuyen', 'Huyen', '02');
INSERT INTO `district` VALUES ('031', 'Bac Me', 'Huyen', '02');
INSERT INTO `district` VALUES ('032', 'Hoang Su Phi', 'Huyen', '02');
INSERT INTO `district` VALUES ('033', 'Xin Man', 'Huyen', '02');
INSERT INTO `district` VALUES ('034', 'Bac Quang', 'Huyen', '02');
INSERT INTO `district` VALUES ('035', 'Quang Binh', 'Huyen', '02');
INSERT INTO `district` VALUES ('040', 'Cao Bang', 'Thanh pho', '04');
INSERT INTO `district` VALUES ('042', 'Bao Lam', 'Huyen', '04');
INSERT INTO `district` VALUES ('043', 'Bao Lac', 'Huyen', '04');
INSERT INTO `district` VALUES ('044', 'Thong Nong', 'Huyen', '04');
INSERT INTO `district` VALUES ('045', 'Ha Quang', 'Huyen', '04');
INSERT INTO `district` VALUES ('046', 'Tra Linh', 'Huyen', '04');
INSERT INTO `district` VALUES ('047', 'Trung Khanh', 'Huyen', '04');
INSERT INTO `district` VALUES ('048', 'Ha Lang', 'Huyen', '04');
INSERT INTO `district` VALUES ('049', 'Quang Uyen', 'Huyen', '04');
INSERT INTO `district` VALUES ('050', 'Phuc Hoa', 'Huyen', '04');
INSERT INTO `district` VALUES ('051', 'Hoa An', 'Huyen', '04');
INSERT INTO `district` VALUES ('052', 'Nguyen Binh', 'Huyen', '04');
INSERT INTO `district` VALUES ('053', 'Thach An', 'Huyen', '04');
INSERT INTO `district` VALUES ('058', 'Bac Kan', 'Thanh pho', '06');
INSERT INTO `district` VALUES ('060', 'Pac Nam', 'Huyen', '06');
INSERT INTO `district` VALUES ('061', 'Ba Be', 'Huyen', '06');
INSERT INTO `district` VALUES ('062', 'Ngan Son', 'Huyen', '06');
INSERT INTO `district` VALUES ('063', 'Bach Thong', 'Huyen', '06');
INSERT INTO `district` VALUES ('064', 'Cho Don', 'Huyen', '06');
INSERT INTO `district` VALUES ('065', 'Cho Moi', 'Huyen', '06');
INSERT INTO `district` VALUES ('066', 'Na Ri', 'Huyen', '06');
INSERT INTO `district` VALUES ('070', 'Tuyen Quang', 'Thanh pho', '08');
INSERT INTO `district` VALUES ('071', 'Lam Binh', 'Huyen', '08');
INSERT INTO `district` VALUES ('072', 'Na Hang', 'Huyen', '08');
INSERT INTO `district` VALUES ('073', 'Chiem Hoa', 'Huyen', '08');
INSERT INTO `district` VALUES ('074', 'Ham Yen', 'Huyen', '08');
INSERT INTO `district` VALUES ('075', 'Yen Son', 'Huyen', '08');
INSERT INTO `district` VALUES ('076', 'Son Duong', 'Huyen', '08');
INSERT INTO `district` VALUES ('080', 'Lao Cai', 'Thanh pho', '10');
INSERT INTO `district` VALUES ('082', 'Bat Xat', 'Huyen', '10');
INSERT INTO `district` VALUES ('083', 'Muong Khuong', 'Huyen', '10');
INSERT INTO `district` VALUES ('084', 'Si Ma Cai', 'Huyen', '10');
INSERT INTO `district` VALUES ('085', 'Bac Ha', 'Huyen', '10');
INSERT INTO `district` VALUES ('086', 'Bao Thang', 'Huyen', '10');
INSERT INTO `district` VALUES ('087', 'Bao Yen', 'Huyen', '10');
INSERT INTO `district` VALUES ('088', 'Sa Pa', 'Huyen', '10');
INSERT INTO `district` VALUES ('089', 'Van Ban', 'Huyen', '10');
INSERT INTO `district` VALUES ('094', 'Dien Bien Phu', 'Thanh pho', '11');
INSERT INTO `district` VALUES ('095', 'Muong Lay', 'Thi xa', '11');
INSERT INTO `district` VALUES ('096', 'Muong Nhe', 'Huyen', '11');
INSERT INTO `district` VALUES ('097', 'Muong Cha', 'Huyen', '11');
INSERT INTO `district` VALUES ('098', 'Tua Chua', 'Huyen', '11');
INSERT INTO `district` VALUES ('099', 'Tuan Giao', 'Huyen', '11');
INSERT INTO `district` VALUES ('100', 'Dien Bien', 'Huyen', '11');
INSERT INTO `district` VALUES ('101', 'Dien Bien Dong', 'Huyen', '11');
INSERT INTO `district` VALUES ('102', 'Muong Ang', 'Huyen', '11');
INSERT INTO `district` VALUES ('103', 'Nam Po', 'Huyen', '11');
INSERT INTO `district` VALUES ('105', 'Lai Chau', 'Thanh pho', '12');
INSERT INTO `district` VALUES ('106', 'Tam Duong', 'Huyen', '12');
INSERT INTO `district` VALUES ('107', 'Muong Te', 'Huyen', '12');
INSERT INTO `district` VALUES ('108', 'Sin Ho', 'Huyen', '12');
INSERT INTO `district` VALUES ('109', 'Phong Tho', 'Huyen', '12');
INSERT INTO `district` VALUES ('110', 'Than Uyen', 'Huyen', '12');
INSERT INTO `district` VALUES ('111', 'Tan Uyen', 'Huyen', '12');
INSERT INTO `district` VALUES ('112', 'Nam Nhun', 'Huyen', '12');
INSERT INTO `district` VALUES ('116', 'Son La', 'Thanh pho', '14');
INSERT INTO `district` VALUES ('118', 'Quynh Nhai', 'Huyen', '14');
INSERT INTO `district` VALUES ('119', 'Thuan Chau', 'Huyen', '14');
INSERT INTO `district` VALUES ('120', 'Muong La', 'Huyen', '14');
INSERT INTO `district` VALUES ('121', 'Bac Yen', 'Huyen', '14');
INSERT INTO `district` VALUES ('122', 'Phu Yen', 'Huyen', '14');
INSERT INTO `district` VALUES ('123', 'Moc Chau', 'Huyen', '14');
INSERT INTO `district` VALUES ('124', 'Yen Chau', 'Huyen', '14');
INSERT INTO `district` VALUES ('125', 'Mai Son', 'Huyen', '14');
INSERT INTO `district` VALUES ('126', 'Song Ma', 'Huyen', '14');
INSERT INTO `district` VALUES ('127', 'Sop Cop', 'Huyen', '14');
INSERT INTO `district` VALUES ('128', 'Van Ho', 'Huyen', '14');
INSERT INTO `district` VALUES ('132', 'Yen Bai', 'Thanh pho', '15');
INSERT INTO `district` VALUES ('133', 'Nghia Lo', 'Thi xa', '15');
INSERT INTO `district` VALUES ('135', 'Luc Yen', 'Huyen', '15');
INSERT INTO `district` VALUES ('136', 'Van Yen', 'Huyen', '15');
INSERT INTO `district` VALUES ('137', 'Mu Cang Chai', 'Huyen', '15');
INSERT INTO `district` VALUES ('138', 'Tran Yen', 'Huyen', '15');
INSERT INTO `district` VALUES ('139', 'Tram Tau', 'Huyen', '15');
INSERT INTO `district` VALUES ('140', 'Van Chan', 'Huyen', '15');
INSERT INTO `district` VALUES ('141', 'Yen Binh', 'Huyen', '15');
INSERT INTO `district` VALUES ('148', 'Hoa Binh', 'Thanh pho', '17');
INSERT INTO `district` VALUES ('150', 'Da Bac', 'Huyen', '17');
INSERT INTO `district` VALUES ('151', 'Ky Son', 'Huyen', '17');
INSERT INTO `district` VALUES ('152', 'Luong Son', 'Huyen', '17');
INSERT INTO `district` VALUES ('153', 'Kim Boi', 'Huyen', '17');
INSERT INTO `district` VALUES ('154', 'Cao Phong', 'Huyen', '17');
INSERT INTO `district` VALUES ('155', 'Tan Lac', 'Huyen', '17');
INSERT INTO `district` VALUES ('156', 'Mai Chau', 'Huyen', '17');
INSERT INTO `district` VALUES ('157', 'Lac Son', 'Huyen', '17');
INSERT INTO `district` VALUES ('158', 'Yen Thuy', 'Huyen', '17');
INSERT INTO `district` VALUES ('159', 'Lac Thuy', 'Huyen', '17');
INSERT INTO `district` VALUES ('164', 'Thai Nguyen', 'Thanh pho', '19');
INSERT INTO `district` VALUES ('165', 'Song Cong', 'Thanh pho', '19');
INSERT INTO `district` VALUES ('167', 'Dinh Hoa', 'Huyen', '19');
INSERT INTO `district` VALUES ('168', 'Phu Luong', 'Huyen', '19');
INSERT INTO `district` VALUES ('169', 'Dong Hy', 'Huyen', '19');
INSERT INTO `district` VALUES ('170', 'Vo Nhai', 'Huyen', '19');
INSERT INTO `district` VALUES ('171', 'Dai Tu', 'Huyen', '19');
INSERT INTO `district` VALUES ('172', 'Pho Yen', 'Thi xa', '19');
INSERT INTO `district` VALUES ('173', 'Phu Binh', 'Huyen', '19');
INSERT INTO `district` VALUES ('178', 'Lang Son', 'Thanh pho', '20');
INSERT INTO `district` VALUES ('180', 'Trang Dinh', 'Huyen', '20');
INSERT INTO `district` VALUES ('181', 'Binh Gia', 'Huyen', '20');
INSERT INTO `district` VALUES ('182', 'Van Lang', 'Huyen', '20');
INSERT INTO `district` VALUES ('183', 'Cao Loc', 'Huyen', '20');
INSERT INTO `district` VALUES ('184', 'Van Quan', 'Huyen', '20');
INSERT INTO `district` VALUES ('185', 'Bac Son', 'Huyen', '20');
INSERT INTO `district` VALUES ('186', 'Huu Lung', 'Huyen', '20');
INSERT INTO `district` VALUES ('187', 'Chi Lang', 'Huyen', '20');
INSERT INTO `district` VALUES ('188', 'Loc Binh', 'Huyen', '20');
INSERT INTO `district` VALUES ('189', 'Dinh Lap', 'Huyen', '20');
INSERT INTO `district` VALUES ('193', 'Ha Long', 'Thanh pho', '22');
INSERT INTO `district` VALUES ('194', 'Mong Cai', 'Thanh pho', '22');
INSERT INTO `district` VALUES ('195', 'Cam Pha', 'Thanh pho', '22');
INSERT INTO `district` VALUES ('196', 'Uong Bi', 'Thanh pho', '22');
INSERT INTO `district` VALUES ('198', 'Binh Lieu', 'Huyen', '22');
INSERT INTO `district` VALUES ('199', 'Tien Yen', 'Huyen', '22');
INSERT INTO `district` VALUES ('200', 'Dam Ha', 'Huyen', '22');
INSERT INTO `district` VALUES ('201', 'Hai Ha', 'Huyen', '22');
INSERT INTO `district` VALUES ('202', 'Ba Che', 'Huyen', '22');
INSERT INTO `district` VALUES ('203', 'Van Don', 'Huyen', '22');
INSERT INTO `district` VALUES ('204', 'Hoanh Bo', 'Huyen', '22');
INSERT INTO `district` VALUES ('205', 'Dong Trieu', 'Thi xa', '22');
INSERT INTO `district` VALUES ('206', 'Quang Yen', 'Thi xa', '22');
INSERT INTO `district` VALUES ('207', 'Co To', 'Huyen', '22');
INSERT INTO `district` VALUES ('213', 'Bac Giang', 'Thanh pho', '24');
INSERT INTO `district` VALUES ('215', 'Yen The', 'Huyen', '24');
INSERT INTO `district` VALUES ('216', 'Tan Yen', 'Huyen', '24');
INSERT INTO `district` VALUES ('217', 'Lang Giang', 'Huyen', '24');
INSERT INTO `district` VALUES ('218', 'Luc Nam', 'Huyen', '24');
INSERT INTO `district` VALUES ('219', 'Luc Ngan', 'Huyen', '24');
INSERT INTO `district` VALUES ('220', 'Son Dong', 'Huyen', '24');
INSERT INTO `district` VALUES ('221', 'Yen Dung', 'Huyen', '24');
INSERT INTO `district` VALUES ('222', 'Viet Yen', 'Huyen', '24');
INSERT INTO `district` VALUES ('223', 'Hiep Hoa', 'Huyen', '24');
INSERT INTO `district` VALUES ('227', 'Viet Tri', 'Thanh pho', '25');
INSERT INTO `district` VALUES ('228', 'Phu Tho', 'Thi xa', '25');
INSERT INTO `district` VALUES ('230', 'Doan Hung', 'Huyen', '25');
INSERT INTO `district` VALUES ('231', 'Ha Hoa', 'Huyen', '25');
INSERT INTO `district` VALUES ('232', 'Thanh Ba', 'Huyen', '25');
INSERT INTO `district` VALUES ('233', 'Phu Ninh', 'Huyen', '25');
INSERT INTO `district` VALUES ('234', 'Yen Lap', 'Huyen', '25');
INSERT INTO `district` VALUES ('235', 'Cam Khe', 'Huyen', '25');
INSERT INTO `district` VALUES ('236', 'Tam Nong', 'Huyen', '25');
INSERT INTO `district` VALUES ('237', 'Lam Thao', 'Huyen', '25');
INSERT INTO `district` VALUES ('238', 'Thanh Son', 'Huyen', '25');
INSERT INTO `district` VALUES ('239', 'Thanh Thuy', 'Huyen', '25');
INSERT INTO `district` VALUES ('240', 'Tan Son', 'Huyen', '25');
INSERT INTO `district` VALUES ('243', 'Vinh Yen', 'Thanh pho', '26');
INSERT INTO `district` VALUES ('244', 'Phuc Yen', 'Thi xa', '26');
INSERT INTO `district` VALUES ('246', 'Lap Thach', 'Huyen', '26');
INSERT INTO `district` VALUES ('247', 'Tam Duong', 'Huyen', '26');
INSERT INTO `district` VALUES ('248', 'Tam Dao', 'Huyen', '26');
INSERT INTO `district` VALUES ('249', 'Binh Xuyen', 'Huyen', '26');
INSERT INTO `district` VALUES ('250', 'Me Linh', 'Huyen', '01');
INSERT INTO `district` VALUES ('251', 'Yen Lac', 'Huyen', '26');
INSERT INTO `district` VALUES ('252', 'Vinh Tuong', 'Huyen', '26');
INSERT INTO `district` VALUES ('253', 'Song Lo', 'Huyen', '26');
INSERT INTO `district` VALUES ('256', 'Bac Ninh', 'Thanh pho', '27');
INSERT INTO `district` VALUES ('258', 'Yen Phong', 'Huyen', '27');
INSERT INTO `district` VALUES ('259', 'Que Vo', 'Huyen', '27');
INSERT INTO `district` VALUES ('260', 'Tien Du', 'Huyen', '27');
INSERT INTO `district` VALUES ('261', 'Tu Son', 'Thi xa', '27');
INSERT INTO `district` VALUES ('262', 'Thuan Thanh', 'Huyen', '27');
INSERT INTO `district` VALUES ('263', 'Gia Binh', 'Huyen', '27');
INSERT INTO `district` VALUES ('264', 'Luong Tai', 'Huyen', '27');
INSERT INTO `district` VALUES ('268', 'Ha Dong', 'Quan', '01');
INSERT INTO `district` VALUES ('269', 'Son Tay', 'Thi xa', '01');
INSERT INTO `district` VALUES ('271', 'Ba Vi', 'Huyen', '01');
INSERT INTO `district` VALUES ('272', 'Phuc Tho', 'Huyen', '01');
INSERT INTO `district` VALUES ('273', 'Dan Phuong', 'Huyen', '01');
INSERT INTO `district` VALUES ('274', 'Hoai Duc', 'Huyen', '01');
INSERT INTO `district` VALUES ('275', 'Quoc Oai', 'Huyen', '01');
INSERT INTO `district` VALUES ('276', 'Thach That', 'Huyen', '01');
INSERT INTO `district` VALUES ('277', 'Chuong My', 'Huyen', '01');
INSERT INTO `district` VALUES ('278', 'Thanh Oai', 'Huyen', '01');
INSERT INTO `district` VALUES ('279', 'Thuong Tin', 'Huyen', '01');
INSERT INTO `district` VALUES ('280', 'Phu Xuyen', 'Huyen', '01');
INSERT INTO `district` VALUES ('281', 'Ung Hoa', 'Huyen', '01');
INSERT INTO `district` VALUES ('282', 'My Duc', 'Huyen', '01');
INSERT INTO `district` VALUES ('288', 'Hai Duong', 'Thanh pho', '30');
INSERT INTO `district` VALUES ('290', 'Chi Linh', 'Thi xa', '30');
INSERT INTO `district` VALUES ('291', 'Nam Sach', 'Huyen', '30');
INSERT INTO `district` VALUES ('292', 'Kinh Mon', 'Huyen', '30');
INSERT INTO `district` VALUES ('293', 'Kim Thanh', 'Huyen', '30');
INSERT INTO `district` VALUES ('294', 'Thanh Ha', 'Huyen', '30');
INSERT INTO `district` VALUES ('295', 'Cam Giang', 'Huyen', '30');
INSERT INTO `district` VALUES ('296', 'Binh Giang', 'Huyen', '30');
INSERT INTO `district` VALUES ('297', 'Gia Loc', 'Huyen', '30');
INSERT INTO `district` VALUES ('298', 'Tu Ky', 'Huyen', '30');
INSERT INTO `district` VALUES ('299', 'Ninh Giang', 'Huyen', '30');
INSERT INTO `district` VALUES ('300', 'Thanh Mien', 'Huyen', '30');
INSERT INTO `district` VALUES ('303', 'Hong Bang', 'Quan', '31');
INSERT INTO `district` VALUES ('304', 'Ngo Quyen', 'Quan', '31');
INSERT INTO `district` VALUES ('305', 'Le Chan', 'Quan', '31');
INSERT INTO `district` VALUES ('306', 'Hai An', 'Quan', '31');
INSERT INTO `district` VALUES ('307', 'Kien An', 'Quan', '31');
INSERT INTO `district` VALUES ('308', 'Do Son', 'Quan', '31');
INSERT INTO `district` VALUES ('309', 'Duong Kinh', 'Quan', '31');
INSERT INTO `district` VALUES ('311', 'Thuy Nguyen', 'Huyen', '31');
INSERT INTO `district` VALUES ('312', 'An Duong', 'Huyen', '31');
INSERT INTO `district` VALUES ('313', 'An Lao', 'Huyen', '31');
INSERT INTO `district` VALUES ('314', 'Kien Thuy', 'Huyen', '31');
INSERT INTO `district` VALUES ('315', 'Tien Lang', 'Huyen', '31');
INSERT INTO `district` VALUES ('316', 'Vinh Bao', 'Huyen', '31');
INSERT INTO `district` VALUES ('317', 'Cat Hai', 'Huyen', '31');
INSERT INTO `district` VALUES ('318', 'Bach Long Vi', 'Huyen', '31');
INSERT INTO `district` VALUES ('323', 'Hung Yen', 'Thanh pho', '33');
INSERT INTO `district` VALUES ('325', 'Van Lam', 'Huyen', '33');
INSERT INTO `district` VALUES ('326', 'Van Giang', 'Huyen', '33');
INSERT INTO `district` VALUES ('327', 'Yen My', 'Huyen', '33');
INSERT INTO `district` VALUES ('328', 'My Hao', 'Huyen', '33');
INSERT INTO `district` VALUES ('329', 'An Thi', 'Huyen', '33');
INSERT INTO `district` VALUES ('330', 'Khoai Chau', 'Huyen', '33');
INSERT INTO `district` VALUES ('331', 'Kim Dong', 'Huyen', '33');
INSERT INTO `district` VALUES ('332', 'Tien Lu', 'Huyen', '33');
INSERT INTO `district` VALUES ('333', 'Phu Cu', 'Huyen', '33');
INSERT INTO `district` VALUES ('336', 'Thai Binh', 'Thanh pho', '34');
INSERT INTO `district` VALUES ('338', 'Quynh Phu', 'Huyen', '34');
INSERT INTO `district` VALUES ('339', 'Hung Ha', 'Huyen', '34');
INSERT INTO `district` VALUES ('340', 'Dong Hung', 'Huyen', '34');
INSERT INTO `district` VALUES ('341', 'Thai Thuy', 'Huyen', '34');
INSERT INTO `district` VALUES ('342', 'Tien Hai', 'Huyen', '34');
INSERT INTO `district` VALUES ('343', 'Kien Xuong', 'Huyen', '34');
INSERT INTO `district` VALUES ('344', 'Vu Thu', 'Huyen', '34');
INSERT INTO `district` VALUES ('347', 'Phu Ly', 'Thanh pho', '35');
INSERT INTO `district` VALUES ('349', 'Duy Tien', 'Huyen', '35');
INSERT INTO `district` VALUES ('350', 'Kim Bang', 'Huyen', '35');
INSERT INTO `district` VALUES ('351', 'Thanh Liem', 'Huyen', '35');
INSERT INTO `district` VALUES ('352', 'Binh Luc', 'Huyen', '35');
INSERT INTO `district` VALUES ('353', 'Ly Nhan', 'Huyen', '35');
INSERT INTO `district` VALUES ('356', 'Nam Dinh', 'Thanh pho', '36');
INSERT INTO `district` VALUES ('358', 'My Loc', 'Huyen', '36');
INSERT INTO `district` VALUES ('359', 'Vu Ban', 'Huyen', '36');
INSERT INTO `district` VALUES ('360', 'Y Yen', 'Huyen', '36');
INSERT INTO `district` VALUES ('361', 'Nghia Hung', 'Huyen', '36');
INSERT INTO `district` VALUES ('362', 'Nam Truc', 'Huyen', '36');
INSERT INTO `district` VALUES ('363', 'Truc Ninh', 'Huyen', '36');
INSERT INTO `district` VALUES ('364', 'Xuan Truong', 'Huyen', '36');
INSERT INTO `district` VALUES ('365', 'Giao Thuy', 'Huyen', '36');
INSERT INTO `district` VALUES ('366', 'Hai Hau', 'Huyen', '36');
INSERT INTO `district` VALUES ('369', 'Ninh Binh', 'Thanh pho', '37');
INSERT INTO `district` VALUES ('370', 'Tam Diep', 'Thanh pho', '37');
INSERT INTO `district` VALUES ('372', 'Nho Quan', 'Huyen', '37');
INSERT INTO `district` VALUES ('373', 'Gia Vien', 'Huyen', '37');
INSERT INTO `district` VALUES ('374', 'Hoa Lu', 'Huyen', '37');
INSERT INTO `district` VALUES ('375', 'Yen Khanh', 'Huyen', '37');
INSERT INTO `district` VALUES ('376', 'Kim Son', 'Huyen', '37');
INSERT INTO `district` VALUES ('377', 'Yen Mo', 'Huyen', '37');
INSERT INTO `district` VALUES ('380', 'Thanh Hoa', 'Thanh pho', '38');
INSERT INTO `district` VALUES ('381', 'Bim Son', 'Thi xa', '38');
INSERT INTO `district` VALUES ('382', 'Sam Son', 'Thi xa', '38');
INSERT INTO `district` VALUES ('384', 'Muong Lat', 'Huyen', '38');
INSERT INTO `district` VALUES ('385', 'Hoa', 'Huyen', '38');
INSERT INTO `district` VALUES ('386', 'Ba Thuoc', 'Huyen', '38');
INSERT INTO `district` VALUES ('387', 'Son', 'Huyen', '38');
INSERT INTO `district` VALUES ('388', 'Lang Chanh', 'Huyen', '38');
INSERT INTO `district` VALUES ('389', 'Ngoc Lac', 'Huyen', '38');
INSERT INTO `district` VALUES ('390', 'Cam Thuy', 'Huyen', '38');
INSERT INTO `district` VALUES ('391', 'Thach Thanh', 'Huyen', '38');
INSERT INTO `district` VALUES ('392', 'Ha Trung', 'Huyen', '38');
INSERT INTO `district` VALUES ('393', 'Vinh Loc', 'Huyen', '38');
INSERT INTO `district` VALUES ('394', 'Yen Dinh', 'Huyen', '38');
INSERT INTO `district` VALUES ('395', 'Tho Xuan', 'Huyen', '38');
INSERT INTO `district` VALUES ('396', 'Thuong Xuan', 'Huyen', '38');
INSERT INTO `district` VALUES ('397', 'Trieu Son', 'Huyen', '38');
INSERT INTO `district` VALUES ('398', 'Thieu Hoa', 'Huyen', '38');
INSERT INTO `district` VALUES ('399', 'Hoang Hoa', 'Huyen', '38');
INSERT INTO `district` VALUES ('400', 'Hau Loc', 'Huyen', '38');
INSERT INTO `district` VALUES ('401', 'Nga Son', 'Huyen', '38');
INSERT INTO `district` VALUES ('402', 'Nhu Xuan', 'Huyen', '38');
INSERT INTO `district` VALUES ('403', 'Nhu Thanh', 'Huyen', '38');
INSERT INTO `district` VALUES ('404', 'Nong Cong', 'Huyen', '38');
INSERT INTO `district` VALUES ('405', 'Dong Son', 'Huyen', '38');
INSERT INTO `district` VALUES ('406', 'Quang Xuong', 'Huyen', '38');
INSERT INTO `district` VALUES ('407', 'Tinh Gia', 'Huyen', '38');
INSERT INTO `district` VALUES ('412', 'Vinh', 'Thanh pho', '40');
INSERT INTO `district` VALUES ('413', 'Cua Lo', 'Thi xa', '40');
INSERT INTO `district` VALUES ('414', 'Thai Hoa', 'Thi xa', '40');
INSERT INTO `district` VALUES ('415', 'Que Phong', 'Huyen', '40');
INSERT INTO `district` VALUES ('416', 'Quy Chau', 'Huyen', '40');
INSERT INTO `district` VALUES ('417', 'Ky Son', 'Huyen', '40');
INSERT INTO `district` VALUES ('418', 'Tuong Duong', 'Huyen', '40');
INSERT INTO `district` VALUES ('419', 'Nghia Dan', 'Huyen', '40');
INSERT INTO `district` VALUES ('420', 'Quy Hop', 'Huyen', '40');
INSERT INTO `district` VALUES ('421', 'Quynh Luu', 'Huyen', '40');
INSERT INTO `district` VALUES ('422', 'Con Cuong', 'Huyen', '40');
INSERT INTO `district` VALUES ('423', 'Tan Ky', 'Huyen', '40');
INSERT INTO `district` VALUES ('424', 'Anh Son', 'Huyen', '40');
INSERT INTO `district` VALUES ('425', 'Dien Chau', 'Huyen', '40');
INSERT INTO `district` VALUES ('426', 'Yen Thanh', 'Huyen', '40');
INSERT INTO `district` VALUES ('427', 'Do Luong', 'Huyen', '40');
INSERT INTO `district` VALUES ('428', 'Thanh Chuong', 'Huyen', '40');
INSERT INTO `district` VALUES ('429', 'Nghi Loc', 'Huyen', '40');
INSERT INTO `district` VALUES ('430', 'Nam Dan', 'Huyen', '40');
INSERT INTO `district` VALUES ('431', 'Hung Nguyen', 'Huyen', '40');
INSERT INTO `district` VALUES ('432', 'Hoang Mai', 'Thi xa', '40');
INSERT INTO `district` VALUES ('436', 'Ha Tinh', 'Thanh pho', '42');
INSERT INTO `district` VALUES ('437', 'Hong Linh', 'Thi xa', '42');
INSERT INTO `district` VALUES ('439', 'Huong Son', 'Huyen', '42');
INSERT INTO `district` VALUES ('440', 'Duc Tho', 'Huyen', '42');
INSERT INTO `district` VALUES ('441', 'Vu Quang', 'Huyen', '42');
INSERT INTO `district` VALUES ('442', 'Nghi Xuan', 'Huyen', '42');
INSERT INTO `district` VALUES ('443', 'Can Loc', 'Huyen', '42');
INSERT INTO `district` VALUES ('444', 'Huong Khe', 'Huyen', '42');
INSERT INTO `district` VALUES ('445', 'Thach Ha', 'Huyen', '42');
INSERT INTO `district` VALUES ('446', 'Cam Xuyen', 'Huyen', '42');
INSERT INTO `district` VALUES ('447', 'Ky Anh', 'Huyen', '42');
INSERT INTO `district` VALUES ('448', 'Loc Ha', 'Huyen', '42');
INSERT INTO `district` VALUES ('449', 'Ky Anh', 'Thi xa', '42');
INSERT INTO `district` VALUES ('450', 'Dong Hoi', 'Thanh pho', '44');
INSERT INTO `district` VALUES ('452', 'Minh Hoa', 'Huyen', '44');
INSERT INTO `district` VALUES ('453', 'Tuyen Hoa', 'Huyen', '44');
INSERT INTO `district` VALUES ('454', 'Quang Trach', 'Thi xa', '44');
INSERT INTO `district` VALUES ('455', 'Bo Trach', 'Huyen', '44');
INSERT INTO `district` VALUES ('456', 'Quang Ninh', 'Huyen', '44');
INSERT INTO `district` VALUES ('457', 'Le Thuy', 'Huyen', '44');
INSERT INTO `district` VALUES ('458', 'Ba Don', 'Huyen', '44');
INSERT INTO `district` VALUES ('461', 'Dong Ha', 'Thanh pho', '45');
INSERT INTO `district` VALUES ('462', 'Quang Tri', 'Thi xa', '45');
INSERT INTO `district` VALUES ('464', 'Vinh Linh', 'Huyen', '45');
INSERT INTO `district` VALUES ('465', 'Huong Hoa', 'Huyen', '45');
INSERT INTO `district` VALUES ('466', 'Gio Linh', 'Huyen', '45');
INSERT INTO `district` VALUES ('467', 'Da Krong', 'Huyen', '45');
INSERT INTO `district` VALUES ('468', 'Cam Lo', 'Huyen', '45');
INSERT INTO `district` VALUES ('469', 'Trieu Phong', 'Huyen', '45');
INSERT INTO `district` VALUES ('470', 'Hai Lang', 'Huyen', '45');
INSERT INTO `district` VALUES ('471', 'Con Co', 'Huyen', '45');
INSERT INTO `district` VALUES ('474', 'Hue', 'Thanh pho', '46');
INSERT INTO `district` VALUES ('476', 'Phong Dien', 'Huyen', '46');
INSERT INTO `district` VALUES ('477', 'Quang Dien', 'Huyen', '46');
INSERT INTO `district` VALUES ('478', 'Phu Vang', 'Huyen', '46');
INSERT INTO `district` VALUES ('479', 'Huong Thuy', 'Thi xa', '46');
INSERT INTO `district` VALUES ('480', 'Huong Tra', 'Thi xa', '46');
INSERT INTO `district` VALUES ('481', 'A Luoi', 'Huyen', '46');
INSERT INTO `district` VALUES ('482', 'Phu Loc', 'Huyen', '46');
INSERT INTO `district` VALUES ('483', 'Nam Dong', 'Huyen', '46');
INSERT INTO `district` VALUES ('490', 'Lien Chieu', 'Quan', '48');
INSERT INTO `district` VALUES ('491', 'Thanh Khe', 'Quan', '48');
INSERT INTO `district` VALUES ('492', 'Hai Chau', 'Quan', '48');
INSERT INTO `district` VALUES ('493', 'Son Tra', 'Quan', '48');
INSERT INTO `district` VALUES ('494', 'Ngu Hanh Son', 'Quan', '48');
INSERT INTO `district` VALUES ('495', 'Cam Le', 'Quan', '48');
INSERT INTO `district` VALUES ('497', 'Hoa Vang', 'Huyen', '48');
INSERT INTO `district` VALUES ('498', 'Hoang Sa', 'Huyen', '48');
INSERT INTO `district` VALUES ('502', 'Tam Ky', 'Thanh pho', '49');
INSERT INTO `district` VALUES ('503', 'Hoi An', 'Thanh pho', '49');
INSERT INTO `district` VALUES ('504', 'Tay Giang', 'Huyen', '49');
INSERT INTO `district` VALUES ('505', 'Dong Giang', 'Huyen', '49');
INSERT INTO `district` VALUES ('506', 'Dai Loc', 'Huyen', '49');
INSERT INTO `district` VALUES ('507', 'Dien Ban', 'Thi xa', '49');
INSERT INTO `district` VALUES ('508', 'Duy Xuyen', 'Huyen', '49');
INSERT INTO `district` VALUES ('509', 'Que Son', 'Huyen', '49');
INSERT INTO `district` VALUES ('510', 'Nam Giang', 'Huyen', '49');
INSERT INTO `district` VALUES ('511', 'Phuoc Son', 'Huyen', '49');
INSERT INTO `district` VALUES ('512', 'Hiep Duc', 'Huyen', '49');
INSERT INTO `district` VALUES ('513', 'Thang Binh', 'Huyen', '49');
INSERT INTO `district` VALUES ('514', 'Tien Phuoc', 'Huyen', '49');
INSERT INTO `district` VALUES ('515', 'Bac Tra My', 'Huyen', '49');
INSERT INTO `district` VALUES ('516', 'Nam Tra My', 'Huyen', '49');
INSERT INTO `district` VALUES ('517', 'Nui Thanh', 'Huyen', '49');
INSERT INTO `district` VALUES ('518', 'Phu Ninh', 'Huyen', '49');
INSERT INTO `district` VALUES ('519', 'Nong Son', 'Huyen', '49');
INSERT INTO `district` VALUES ('522', 'Quang Ngai', 'Thanh pho', '51');
INSERT INTO `district` VALUES ('524', 'Binh Son', 'Huyen', '51');
INSERT INTO `district` VALUES ('525', 'Tra Bong', 'Huyen', '51');
INSERT INTO `district` VALUES ('526', 'Tay Tra', 'Huyen', '51');
INSERT INTO `district` VALUES ('527', 'Son Tinh', 'Huyen', '51');
INSERT INTO `district` VALUES ('528', 'Tu Nghia', 'Huyen', '51');
INSERT INTO `district` VALUES ('529', 'Son Ha', 'Huyen', '51');
INSERT INTO `district` VALUES ('530', 'Son Tay', 'Huyen', '51');
INSERT INTO `district` VALUES ('531', 'Minh Long', 'Huyen', '51');
INSERT INTO `district` VALUES ('532', 'Nghia Hanh', 'Huyen', '51');
INSERT INTO `district` VALUES ('533', 'Mo Duc', 'Huyen', '51');
INSERT INTO `district` VALUES ('534', 'Duc Pho', 'Huyen', '51');
INSERT INTO `district` VALUES ('535', 'Ba To', 'Huyen', '51');
INSERT INTO `district` VALUES ('536', 'Ly Son', 'Huyen', '51');
INSERT INTO `district` VALUES ('540', 'Qui Nhon', 'Thanh pho', '52');
INSERT INTO `district` VALUES ('542', 'An Lao', 'Huyen', '52');
INSERT INTO `district` VALUES ('543', 'Hoai Nhon', 'Huyen', '52');
INSERT INTO `district` VALUES ('544', 'Hoai An', 'Huyen', '52');
INSERT INTO `district` VALUES ('545', 'Phu My', 'Huyen', '52');
INSERT INTO `district` VALUES ('546', 'Vinh Thanh', 'Huyen', '52');
INSERT INTO `district` VALUES ('547', 'Tay Son', 'Huyen', '52');
INSERT INTO `district` VALUES ('548', 'Phu Cat', 'Huyen', '52');
INSERT INTO `district` VALUES ('549', 'An Nhon', 'Thi xa', '52');
INSERT INTO `district` VALUES ('550', 'Tuy Phuoc', 'Huyen', '52');
INSERT INTO `district` VALUES ('551', 'Van Canh', 'Huyen', '52');
INSERT INTO `district` VALUES ('555', 'Tuy Hoa', 'Thanh pho', '54');
INSERT INTO `district` VALUES ('557', 'Song Cau', 'Thi xa', '54');
INSERT INTO `district` VALUES ('558', 'Dong Xuan', 'Huyen', '54');
INSERT INTO `district` VALUES ('559', 'Tuy An', 'Huyen', '54');
INSERT INTO `district` VALUES ('560', 'Son Hoa', 'Huyen', '54');
INSERT INTO `district` VALUES ('561', 'Song Hinh', 'Huyen', '54');
INSERT INTO `district` VALUES ('562', 'Tay Hoa', 'Huyen', '54');
INSERT INTO `district` VALUES ('563', 'Phu Hoa', 'Huyen', '54');
INSERT INTO `district` VALUES ('564', 'Dong Hoa', 'Huyen', '54');
INSERT INTO `district` VALUES ('568', 'Nha Trang', 'Thanh pho', '56');
INSERT INTO `district` VALUES ('569', 'Cam Ranh', 'Thanh pho', '56');
INSERT INTO `district` VALUES ('570', 'Cam Lam', 'Huyen', '56');
INSERT INTO `district` VALUES ('571', 'Van Ninh', 'Huyen', '56');
INSERT INTO `district` VALUES ('572', 'Ninh Hoa', 'Thi xa', '56');
INSERT INTO `district` VALUES ('573', 'Khanh Vinh', 'Huyen', '56');
INSERT INTO `district` VALUES ('574', 'Dien Khanh', 'Huyen', '56');
INSERT INTO `district` VALUES ('575', 'Khanh Son', 'Huyen', '56');
INSERT INTO `district` VALUES ('576', 'Truong Sa', 'Huyen', '56');
INSERT INTO `district` VALUES ('582', 'Phan Rang-Thap Cham', 'Thanh pho', '58');
INSERT INTO `district` VALUES ('584', 'Bac Ai', 'Huyen', '58');
INSERT INTO `district` VALUES ('585', 'Ninh Son', 'Huyen', '58');
INSERT INTO `district` VALUES ('586', 'Ninh Hai', 'Huyen', '58');
INSERT INTO `district` VALUES ('587', 'Ninh Phuoc', 'Huyen', '58');
INSERT INTO `district` VALUES ('588', 'Thuan Bac', 'Huyen', '58');
INSERT INTO `district` VALUES ('589', 'Thuan Nam', 'Huyen', '58');
INSERT INTO `district` VALUES ('593', 'Phan Thiet', 'Thanh pho', '60');
INSERT INTO `district` VALUES ('594', 'La Gi', 'Thi xa', '60');
INSERT INTO `district` VALUES ('595', 'Tuy Phong', 'Huyen', '60');
INSERT INTO `district` VALUES ('596', 'Bac Binh', 'Huyen', '60');
INSERT INTO `district` VALUES ('597', 'Ham Thuan Bac', 'Huyen', '60');
INSERT INTO `district` VALUES ('598', 'Ham Thuan Nam', 'Huyen', '60');
INSERT INTO `district` VALUES ('599', 'Tanh Linh', 'Huyen', '60');
INSERT INTO `district` VALUES ('600', 'Duc Linh', 'Huyen', '60');
INSERT INTO `district` VALUES ('601', 'Ham Tan', 'Huyen', '60');
INSERT INTO `district` VALUES ('602', 'Phu Qui', 'Huyen', '60');
INSERT INTO `district` VALUES ('608', 'Kon Tum', 'Thanh pho', '62');
INSERT INTO `district` VALUES ('610', 'Dak Glei', 'Huyen', '62');
INSERT INTO `district` VALUES ('611', 'Ngoc Hoi', 'Huyen', '62');
INSERT INTO `district` VALUES ('612', 'Dak To', 'Huyen', '62');
INSERT INTO `district` VALUES ('613', 'Kon Plong', 'Huyen', '62');
INSERT INTO `district` VALUES ('614', 'Kon Ray', 'Huyen', '62');
INSERT INTO `district` VALUES ('615', 'Dak Ha', 'Huyen', '62');
INSERT INTO `district` VALUES ('616', 'Sa Thay', 'Huyen', '62');
INSERT INTO `district` VALUES ('617', 'Tu Mo Rong', 'Huyen', '62');
INSERT INTO `district` VALUES ('618', 'Ia H Drai', 'Huyen', '62');
    INSERT INTO `district` VALUES ('622', 'Pleiku', 'Thanh pho', '64');
    INSERT INTO `district` VALUES ('623', 'An Khe', 'Thi xa', '64');
    INSERT INTO `district` VALUES ('624', 'Ayun Pa', 'Thi xa', '64');
    INSERT INTO `district` VALUES ('625', 'KBang', 'Huyen', '64');
    INSERT INTO `district` VALUES ('626', 'Dak Doa', 'Huyen', '64');
    INSERT INTO `district` VALUES ('627', 'Chu Pah', 'Huyen', '64');
    INSERT INTO `district` VALUES ('628', 'Ia Grai', 'Huyen', '64');
    INSERT INTO `district` VALUES ('629', 'Mang Yang', 'Huyen', '64');
    INSERT INTO `district` VALUES ('630', 'Kong Chro', 'Huyen', '64');
    INSERT INTO `district` VALUES ('631', 'Duc Co', 'Huyen', '64');
    INSERT INTO `district` VALUES ('632', 'Chu Prong', 'Huyen', '64');
    INSERT INTO `district` VALUES ('633', 'Chu Se', 'Huyen', '64');
    INSERT INTO `district` VALUES ('634', 'Dak Po', 'Huyen', '64');
    INSERT INTO `district` VALUES ('635', 'Ia Pa', 'Huyen', '64');
    INSERT INTO `district` VALUES ('637', 'Krong Pa', 'Huyen', '64');
    INSERT INTO `district` VALUES ('638', 'Phu Thien', 'Huyen', '64');
    INSERT INTO `district` VALUES ('639', 'Chu Puh', 'Huyen', '64');
    INSERT INTO `district` VALUES ('643', 'Buon Ma Thuot', 'Thanh pho', '66');
    INSERT INTO `district` VALUES ('644', 'Buon Ho', 'Thi xa', '66');
    INSERT INTO `district` VALUES ('645', 'Ea H\'leo', 'Huyen', '66');
INSERT INTO `district` VALUES ('646', 'Ea Sup', 'Huyen', '66');
INSERT INTO `district` VALUES ('647', 'Buon Don', 'Huyen', '66');
INSERT INTO `district` VALUES ('648', 'Cu M gar', 'Huyen', '66');
    INSERT INTO `district` VALUES ('649', 'Krong Buk', 'Huyen', '66');
    INSERT INTO `district` VALUES ('650', 'Krong Nang', 'Huyen', '66');
    INSERT INTO `district` VALUES ('651', 'Ea Kar', 'Huyen', '66');
    INSERT INTO `district` VALUES ('652', 'M\'Drak', 'Huyen', '66');
INSERT INTO `district` VALUES ('653', 'Krong Bong', 'Huyen', '66');
INSERT INTO `district` VALUES ('654', 'Krong Pac', 'Huyen', '66');
INSERT INTO `district` VALUES ('655', 'Krong A Na', 'Huyen', '66');
INSERT INTO `district` VALUES ('656', 'Lak', 'Huyen', '66');
INSERT INTO `district` VALUES ('657', 'Cu Kuin', 'Huyen', '66');
INSERT INTO `district` VALUES ('660', 'Gia Nghia', 'Thi xa', '67');
INSERT INTO `district` VALUES ('661', 'Dak Glong', 'Huyen', '67');
INSERT INTO `district` VALUES ('662', 'Cu Jut', 'Huyen', '67');
INSERT INTO `district` VALUES ('663', 'Dak Mil', 'Huyen', '67');
INSERT INTO `district` VALUES ('664', 'Krong No', 'Huyen', '67');
INSERT INTO `district` VALUES ('665', 'Dak Song', 'Huyen', '67');
INSERT INTO `district` VALUES ('666', 'Dak R\'Lap', 'Huyen', '67');
    INSERT INTO `district` VALUES ('667', 'Tuy Duc', 'Huyen', '67');
    INSERT INTO `district` VALUES ('672', 'Da Lat', 'Thanh pho', '68');
    INSERT INTO `district` VALUES ('673', 'Bao Loc', 'Thanh pho', '68');
    INSERT INTO `district` VALUES ('674', 'Dam Rong', 'Huyen', '68');
    INSERT INTO `district` VALUES ('675', 'Lac Duong', 'Huyen', '68');
    INSERT INTO `district` VALUES ('676', 'Lam Ha', 'Huyen', '68');
    INSERT INTO `district` VALUES ('677', 'Don Duong', 'Huyen', '68');
    INSERT INTO `district` VALUES ('678', 'Duc Trong', 'Huyen', '68');
    INSERT INTO `district` VALUES ('679', 'Di Linh', 'Huyen', '68');
    INSERT INTO `district` VALUES ('680', 'Bao Lam', 'Huyen', '68');
    INSERT INTO `district` VALUES ('681', 'Da Huoai', 'Huyen', '68');
    INSERT INTO `district` VALUES ('682', 'Da Teh', 'Huyen', '68');
    INSERT INTO `district` VALUES ('683', 'Cat Tien', 'Huyen', '68');
    INSERT INTO `district` VALUES ('688', 'Phuoc Long', 'Thi xa', '70');
    INSERT INTO `district` VALUES ('689', 'Dong Xoai', 'Thi xa', '70');
    INSERT INTO `district` VALUES ('690', 'Binh Long', 'Thi xa', '70');
    INSERT INTO `district` VALUES ('691', 'Bu Gia Map', 'Huyen', '70');
    INSERT INTO `district` VALUES ('692', 'Loc Ninh', 'Huyen', '70');
    INSERT INTO `district` VALUES ('693', 'Bu Dop', 'Huyen', '70');
    INSERT INTO `district` VALUES ('694', 'Hon Quan', 'Huyen', '70');
    INSERT INTO `district` VALUES ('695', 'Dong Phu', 'Huyen', '70');
    INSERT INTO `district` VALUES ('696', 'Bu Dang', 'Huyen', '70');
    INSERT INTO `district` VALUES ('697', 'Chon Thanh', 'Huyen', '70');
    INSERT INTO `district` VALUES ('698', 'Phu Rieng', 'Huyen', '70');
    INSERT INTO `district` VALUES ('703', 'Tay Ninh', 'Thanh pho', '72');
    INSERT INTO `district` VALUES ('705', 'Tan Bien', 'Huyen', '72');
    INSERT INTO `district` VALUES ('706', 'Tan Chau', 'Huyen', '72');
    INSERT INTO `district` VALUES ('707', 'Duong Minh Chau', 'Huyen', '72');
    INSERT INTO `district` VALUES ('708', 'Chau Thanh', 'Huyen', '72');
    INSERT INTO `district` VALUES ('709', 'Hoa Thanh', 'Huyen', '72');
    INSERT INTO `district` VALUES ('710', 'Go Dau', 'Huyen', '72');
    INSERT INTO `district` VALUES ('711', 'Ben Cau', 'Huyen', '72');
    INSERT INTO `district` VALUES ('712', 'Trang Bang', 'Huyen', '72');
    INSERT INTO `district` VALUES ('718', 'Thu Dau Mot', 'Thanh pho', '74');
    INSERT INTO `district` VALUES ('719', 'Bau Bang', 'Huyen', '74');
    INSERT INTO `district` VALUES ('720', 'Dau Tieng', 'Huyen', '74');
    INSERT INTO `district` VALUES ('721', 'Ben Cat', 'Thi xa', '74');
    INSERT INTO `district` VALUES ('722', 'Phu Giao', 'Huyen', '74');
    INSERT INTO `district` VALUES ('723', 'Tan Uyen', 'Thi xa', '74');
    INSERT INTO `district` VALUES ('724', 'Di An', 'Thi xa', '74');
    INSERT INTO `district` VALUES ('725', 'Thuan An', 'Thi xa', '74');
    INSERT INTO `district` VALUES ('726', 'Bac Tan Uyen', 'Huyen', '74');
    INSERT INTO `district` VALUES ('731', 'Bien Hoa', 'Thanh pho', '75');
    INSERT INTO `district` VALUES ('732', 'Long Khanh', 'Thi xa', '75');
    INSERT INTO `district` VALUES ('734', 'Tan Phu', 'Huyen', '75');
    INSERT INTO `district` VALUES ('735', 'Vinh Cuu', 'Huyen', '75');
    INSERT INTO `district` VALUES ('736', 'Dinh Quan', 'Huyen', '75');
    INSERT INTO `district` VALUES ('737', 'Trang Bom', 'Huyen', '75');
    INSERT INTO `district` VALUES ('738', 'Thong Nhat', 'Huyen', '75');
    INSERT INTO `district` VALUES ('739', 'Cam My', 'Huyen', '75');
    INSERT INTO `district` VALUES ('740', 'Long Thanh', 'Huyen', '75');
    INSERT INTO `district` VALUES ('741', 'Xuan Loc', 'Huyen', '75');
    INSERT INTO `district` VALUES ('742', 'Nhon Trach', 'Huyen', '75');
    INSERT INTO `district` VALUES ('747', 'Vung Tau', 'Thanh pho', '77');
    INSERT INTO `district` VALUES ('748', 'Ba Ria', 'Thanh pho', '77');
    INSERT INTO `district` VALUES ('750', 'Chau Duc', 'Huyen', '77');
    INSERT INTO `district` VALUES ('751', 'Xuyen Moc', 'Huyen', '77');
    INSERT INTO `district` VALUES ('752', 'Long Dien', 'Huyen', '77');
    INSERT INTO `district` VALUES ('753', 'Dat Do', 'Huyen', '77');
    INSERT INTO `district` VALUES ('754', 'Tan Thanh', 'Huyen', '77');
    INSERT INTO `district` VALUES ('755', 'Con Dao', 'Huyen', '77');
    INSERT INTO `district` VALUES ('760', '1', 'Quan', '79');
    INSERT INTO `district` VALUES ('761', '12', 'Quan', '79');
    INSERT INTO `district` VALUES ('762', 'Thu Duc', 'Quan', '79');
    INSERT INTO `district` VALUES ('763', '9', 'Quan', '79');
    INSERT INTO `district` VALUES ('764', 'Go Vap', 'Quan', '79');
    INSERT INTO `district` VALUES ('765', 'Binh Thanh', 'Quan', '79');
    INSERT INTO `district` VALUES ('766', 'Tan Binh', 'Quan', '79');
    INSERT INTO `district` VALUES ('767', 'Tan Phu', 'Quan', '79');
    INSERT INTO `district` VALUES ('768', 'Phu Nhuan', 'Quan', '79');
    INSERT INTO `district` VALUES ('769', '2', 'Quan', '79');
    INSERT INTO `district` VALUES ('770', '3', 'Quan', '79');
    INSERT INTO `district` VALUES ('771', '10', 'Quan', '79');
    INSERT INTO `district` VALUES ('772', '11', 'Quan', '79');
    INSERT INTO `district` VALUES ('773', '4', 'Quan', '79');
    INSERT INTO `district` VALUES ('774', '5', 'Quan', '79');
    INSERT INTO `district` VALUES ('775', '6', 'Quan', '79');
    INSERT INTO `district` VALUES ('776', '8', 'Quan', '79');
    INSERT INTO `district` VALUES ('777', 'Binh Tan', 'Quan', '79');
    INSERT INTO `district` VALUES ('778', '7', 'Quan', '79');
    INSERT INTO `district` VALUES ('783', 'Cu Chi', 'Huyen', '79');
    INSERT INTO `district` VALUES ('784', 'Hoc Mon', 'Huyen', '79');
    INSERT INTO `district` VALUES ('785', 'Binh Chanh', 'Huyen', '79');
    INSERT INTO `district` VALUES ('786', 'Nha Be', 'Huyen', '79');
    INSERT INTO `district` VALUES ('787', 'Can Gio', 'Huyen', '79');
    INSERT INTO `district` VALUES ('794', 'Tan An', 'Thanh pho', '80');
    INSERT INTO `district` VALUES ('795', 'Kien Tuong', 'Thi xa', '80');
    INSERT INTO `district` VALUES ('796', 'Tan Hung', 'Huyen', '80');
    INSERT INTO `district` VALUES ('797', 'Vinh Hung', 'Huyen', '80');
    INSERT INTO `district` VALUES ('798', 'Moc Hoa', 'Huyen', '80');
    INSERT INTO `district` VALUES ('799', 'Tan Thanh', 'Huyen', '80');
    INSERT INTO `district` VALUES ('800', 'Thanh Hoa', 'Huyen', '80');
    INSERT INTO `district` VALUES ('801', 'Duc Hue', 'Huyen', '80');
    INSERT INTO `district` VALUES ('802', 'Duc Hoa', 'Huyen', '80');
    INSERT INTO `district` VALUES ('803', 'Ben Luc', 'Huyen', '80');
    INSERT INTO `district` VALUES ('804', 'Thu Thua', 'Huyen', '80');
    INSERT INTO `district` VALUES ('805', 'Tan Tru', 'Huyen', '80');
    INSERT INTO `district` VALUES ('806', 'Can Duoc', 'Huyen', '80');
    INSERT INTO `district` VALUES ('807', 'Can Giuoc', 'Huyen', '80');
    INSERT INTO `district` VALUES ('808', 'Chau Thanh', 'Huyen', '80');
    INSERT INTO `district` VALUES ('815', 'My Tho', 'Thanh pho', '82');
    INSERT INTO `district` VALUES ('816', 'Go Cong', 'Thi xa', '82');
    INSERT INTO `district` VALUES ('817', 'Cai Lay', 'Huyen', '82');
    INSERT INTO `district` VALUES ('818', 'Tan Phuoc', 'Huyen', '82');
    INSERT INTO `district` VALUES ('819', 'Cai Be', 'Huyen', '82');
    INSERT INTO `district` VALUES ('820', 'Cai Lay', 'Thi xa', '82');
    INSERT INTO `district` VALUES ('821', 'Chau Thanh', 'Huyen', '82');
    INSERT INTO `district` VALUES ('822', 'Cho Gao', 'Huyen', '82');
    INSERT INTO `district` VALUES ('823', 'Go Cong Tay', 'Huyen', '82');
    INSERT INTO `district` VALUES ('824', 'Go Cong Dong', 'Huyen', '82');
    INSERT INTO `district` VALUES ('825', 'Tan Phu Dong', 'Huyen', '82');
    INSERT INTO `district` VALUES ('829', 'Ben Tre', 'Thanh pho', '83');
    INSERT INTO `district` VALUES ('831', 'Chau Thanh', 'Huyen', '83');
    INSERT INTO `district` VALUES ('832', 'Cho Lach', 'Huyen', '83');
    INSERT INTO `district` VALUES ('833', 'Mo Cay Nam', 'Huyen', '83');
    INSERT INTO `district` VALUES ('834', 'Giong Trom', 'Huyen', '83');
    INSERT INTO `district` VALUES ('835', 'Binh Dai', 'Huyen', '83');
    INSERT INTO `district` VALUES ('836', 'Ba Tri', 'Huyen', '83');
    INSERT INTO `district` VALUES ('837', 'Thanh Phu', 'Huyen', '83');
    INSERT INTO `district` VALUES ('838', 'Mo Cay Bac', 'Huyen', '83');
    INSERT INTO `district` VALUES ('842', 'Tra Vinh', 'Thanh pho', '84');
    INSERT INTO `district` VALUES ('844', 'Cang Long', 'Huyen', '84');
    INSERT INTO `district` VALUES ('845', 'Cau Ke', 'Huyen', '84');
    INSERT INTO `district` VALUES ('846', 'Tieu Can', 'Huyen', '84');
    INSERT INTO `district` VALUES ('847', 'Chau Thanh', 'Huyen', '84');
    INSERT INTO `district` VALUES ('848', 'Cau Ngang', 'Huyen', '84');
    INSERT INTO `district` VALUES ('849', 'Tra Cu', 'Huyen', '84');
    INSERT INTO `district` VALUES ('850', 'Duyen Hai', 'Huyen', '84');
    INSERT INTO `district` VALUES ('851', 'Duyen Hai', 'Thi xa', '84');
    INSERT INTO `district` VALUES ('855', 'Vinh Long', 'Thanh pho', '86');
    INSERT INTO `district` VALUES ('857', 'Long Ho', 'Huyen', '86');
    INSERT INTO `district` VALUES ('858', 'Mang Thit', 'Huyen', '86');
    INSERT INTO `district` VALUES ('859', 'Vung Liem', 'Huyen', '86');
    INSERT INTO `district` VALUES ('860', 'Tam Binh', 'Huyen', '86');
    INSERT INTO `district` VALUES ('861', 'Binh Minh', 'Thi xa', '86');
    INSERT INTO `district` VALUES ('862', 'Tra On', 'Huyen', '86');
    INSERT INTO `district` VALUES ('863', 'Binh Tan', 'Huyen', '86');
    INSERT INTO `district` VALUES ('866', 'Cao Lanh', 'Thanh pho', '87');
    INSERT INTO `district` VALUES ('867', 'Sa Dec', 'Thanh pho', '87');
    INSERT INTO `district` VALUES ('868', 'Hong Ngu', 'Thi xa', '87');
    INSERT INTO `district` VALUES ('869', 'Tan Hong', 'Huyen', '87');
    INSERT INTO `district` VALUES ('870', 'Hong Ngu', 'Huyen', '87');
    INSERT INTO `district` VALUES ('871', 'Tam Nong', 'Huyen', '87');
    INSERT INTO `district` VALUES ('872', 'Thap Muoi', 'Huyen', '87');
    INSERT INTO `district` VALUES ('873', 'Cao Lanh', 'Huyen', '87');
    INSERT INTO `district` VALUES ('874', 'Thanh Binh', 'Huyen', '87');
    INSERT INTO `district` VALUES ('875', 'Lap Vo', 'Huyen', '87');
    INSERT INTO `district` VALUES ('876', 'Lai Vung', 'Huyen', '87');
    INSERT INTO `district` VALUES ('877', 'Chau Thanh', 'Huyen', '87');
    INSERT INTO `district` VALUES ('883', 'Long Xuyen', 'Thanh pho', '89');
    INSERT INTO `district` VALUES ('884', 'Chau Doc', 'Thanh pho', '89');
    INSERT INTO `district` VALUES ('886', 'An Phu', 'Huyen', '89');
    INSERT INTO `district` VALUES ('887', 'Tan Chau', 'Thi xa', '89');
    INSERT INTO `district` VALUES ('888', 'Phu Tan', 'Huyen', '89');
    INSERT INTO `district` VALUES ('889', 'Chau Phu', 'Huyen', '89');
    INSERT INTO `district` VALUES ('890', 'Tinh Bien', 'Huyen', '89');
    INSERT INTO `district` VALUES ('891', 'Tri Ton', 'Huyen', '89');
    INSERT INTO `district` VALUES ('892', 'Chau Thanh', 'Huyen', '89');
    INSERT INTO `district` VALUES ('893', 'Cho Moi', 'Huyen', '89');
    INSERT INTO `district` VALUES ('894', 'Thoai Son', 'Huyen', '89');
    INSERT INTO `district` VALUES ('899', 'Rach Gia', 'Thanh pho', '91');
    INSERT INTO `district` VALUES ('900', 'Ha Tien', 'Thi xa', '91');
    INSERT INTO `district` VALUES ('902', 'Kien Luong', 'Huyen', '91');
    INSERT INTO `district` VALUES ('903', 'Hon Dat', 'Huyen', '91');
    INSERT INTO `district` VALUES ('904', 'Tan Hiep', 'Huyen', '91');
    INSERT INTO `district` VALUES ('905', 'Chau Thanh', 'Huyen', '91');
    INSERT INTO `district` VALUES ('906', 'Giong Rieng', 'Huyen', '91');
    INSERT INTO `district` VALUES ('907', 'Go Quao', 'Huyen', '91');
    INSERT INTO `district` VALUES ('908', 'An Bien', 'Huyen', '91');
    INSERT INTO `district` VALUES ('909', 'An Minh', 'Huyen', '91');
    INSERT INTO `district` VALUES ('910', 'Vinh Thuan', 'Huyen', '91');
    INSERT INTO `district` VALUES ('911', 'Phu Quoc', 'Huyen', '91');
    INSERT INTO `district` VALUES ('912', 'Kien Hai', 'Huyen', '91');
    INSERT INTO `district` VALUES ('913', 'U Minh Thuong', 'Huyen', '91');
    INSERT INTO `district` VALUES ('914', 'Giang Thanh', 'Huyen', '91');
    INSERT INTO `district` VALUES ('916', 'Ninh Kieu', 'Quan', '92');
    INSERT INTO `district` VALUES ('917', 'O Mon', 'Quan', '92');
    INSERT INTO `district` VALUES ('918', 'Binh Thuy', 'Quan', '92');
    INSERT INTO `district` VALUES ('919', 'Cai Rang', 'Quan', '92');
    INSERT INTO `district` VALUES ('923', 'Thot Not', 'Quan', '92');
    INSERT INTO `district` VALUES ('924', 'Vinh Thanh', 'Huyen', '92');
    INSERT INTO `district` VALUES ('925', 'Co Do', 'Huyen', '92');
    INSERT INTO `district` VALUES ('926', 'Phong Dien', 'Huyen', '92');
    INSERT INTO `district` VALUES ('927', 'Thoi Lai', 'Huyen', '92');
    INSERT INTO `district` VALUES ('930', 'Vi Thanh', 'Thanh pho', '93');
    INSERT INTO `district` VALUES ('931', 'Nga Bay', 'Thi xa', '93');
    INSERT INTO `district` VALUES ('932', 'Chau Thanh A', 'Huyen', '93');
    INSERT INTO `district` VALUES ('933', 'Chau Thanh', 'Huyen', '93');
    INSERT INTO `district` VALUES ('934', 'Phung Hiep', 'Huyen', '93');
    INSERT INTO `district` VALUES ('935', 'Vi Thuy', 'Huyen', '93');
    INSERT INTO `district` VALUES ('936', 'Long My', 'Huyen', '93');
    INSERT INTO `district` VALUES ('937', 'Long My', 'Thi xa', '93');
    INSERT INTO `district` VALUES ('941', 'Soc Trang', 'Thanh pho', '94');
    INSERT INTO `district` VALUES ('942', 'Chau Thanh', 'Huyen', '94');
    INSERT INTO `district` VALUES ('943', 'Ke Sach', 'Huyen', '94');
    INSERT INTO `district` VALUES ('944', 'My Tu', 'Huyen', '94');
    INSERT INTO `district` VALUES ('945', 'Cu Lao Dung', 'Huyen', '94');
    INSERT INTO `district` VALUES ('946', 'Long Phu', 'Huyen', '94');
    INSERT INTO `district` VALUES ('947', 'My Xuyen', 'Huyen', '94');
    INSERT INTO `district` VALUES ('948', 'Nga Nam', 'Thi xa', '94');
    INSERT INTO `district` VALUES ('949', 'Thanh Tri', 'Huyen', '94');
    INSERT INTO `district` VALUES ('950', 'Vinh Chau', 'Thi xa', '94');
    INSERT INTO `district` VALUES ('951', 'Tran De', 'Huyen', '94');
    INSERT INTO `district` VALUES ('954', 'Bac Lieu', 'Thanh pho', '95');
    INSERT INTO `district` VALUES ('956', 'Hong Dan', 'Huyen', '95');
    INSERT INTO `district` VALUES ('957', 'Phuoc Long', 'Huyen', '95');
    INSERT INTO `district` VALUES ('958', 'Vinh Loi', 'Huyen', '95');
    INSERT INTO `district` VALUES ('959', 'Gia Rai', 'Thi xa', '95');
    INSERT INTO `district` VALUES ('960', 'Dong Hai', 'Huyen', '95');
    INSERT INTO `district` VALUES ('961', 'Hoa Binh', 'Huyen', '95');
    INSERT INTO `district` VALUES ('964', 'Ca Mau', 'Thanh pho', '96');
    INSERT INTO `district` VALUES ('966', 'U Minh', 'Huyen', '96');
    INSERT INTO `district` VALUES ('967', 'Thoi Binh', 'Huyen', '96');
    INSERT INTO `district` VALUES ('968', 'Tran Van Thoi', 'Huyen', '96');
    INSERT INTO `district` VALUES ('969', 'Cai Nuoc', 'Huyen', '96');
    INSERT INTO `district` VALUES ('970', 'Dam Doi', 'Huyen', '96');
    INSERT INTO `district` VALUES ('971', 'Nam Can', 'Huyen', '96');
    INSERT INTO `district` VALUES ('972', 'Phu Tan', 'Huyen', '96');
    INSERT INTO `district` VALUES ('973', 'Ngoc Hien', 'Huyen', '96');

    

/*select * from studio*/
insert into studio(studio_id,district_id,contact,image,studio_name,address,status,created_date) values ('STU001',007,'','https://firebasestorage.googleapis.com/v0/b/fitness-fitmax-01.appspot.com/o/gym2.jpg?alt=media&token=83b7d65e-b33d-48d5-aa24-a490b076c19c','Gym Ha Noi A','458 Minh Khai',1,CURDATE());
insert into studio(studio_id,district_id,contact,image,studio_name,address,status,created_date) values ('STU002',006,'','https://firebasestorage.googleapis.com/v0/b/fitness-fitmax-01.appspot.com/o/gym3.jpg?alt=media&token=c9ec6f49-a56f-40c8-84fe-b81d1ea34ef3','Gym Ha Noi B','88 Lang Ha',1,CURDATE());
insert into studio(studio_id,district_id,contact,image,studio_name,address,status,created_date) values ('STU003',009,'','https://firebasestorage.googleapis.com/v0/b/fitness-fitmax-01.appspot.com/o/gym3.jpg?alt=media&token=c9ec6f49-a56f-40c8-84fe-b81d1ea34ef3','Gym Ha Noi C','72A Nguyen Trai',1,CURDATE());
insert into studio(studio_id,district_id,contact,image,studio_name,address,status,created_date) values ('STU004',002,'','https://firebasestorage.googleapis.com/v0/b/fitness-fitmax-01.appspot.com/o/gym4.jpg?alt=media&token=24d4d9df-d2b6-4230-afc3-8c13cc61669d','Gym Ha Noi D','1 Hang Da',1,CURDATE());
insert into studio(studio_id,district_id,contact,image,studio_name,address,status,created_date) values ('STU005',005,'','https://firebasestorage.googleapis.com/v0/b/fitness-fitmax-01.appspot.com/o/gym4.jpg?alt=media&token=24d4d9df-d2b6-4230-afc3-8c13cc61669d','Gym Ha Noi E','173 Xuan Thuy',1,CURDATE());
insert into studio(studio_id,district_id,contact,image,studio_name,address,status,created_date) values ('STU006',762,'','https://firebasestorage.googleapis.com/v0/b/fitness-fitmax-01.appspot.com/o/gym3.jpg?alt=media&token=c9ec6f49-a56f-40c8-84fe-b81d1ea34ef3','Gym HCM A','216 Vo Van Ngan',1,CURDATE());
insert into studio(studio_id,district_id,contact,image,studio_name,address,status,created_date) values ('STU007',773,'','https://firebasestorage.googleapis.com/v0/b/fitness-fitmax-01.appspot.com/o/gym2.jpg?alt=media&token=83b7d65e-b33d-48d5-aa24-a490b076c19c','Gym HCM B','346 Ben Van Don',1,CURDATE());
insert into studio(studio_id,district_id,contact,image,studio_name,address,status,created_date) values ('STU008',778,'','https://firebasestorage.googleapis.com/v0/b/fitness-fitmax-01.appspot.com/o/gym3.jpg?alt=media&token=c9ec6f49-a56f-40c8-84fe-b81d1ea34ef3','Gym HCM C','1058 Nguyen Van Linh',1,CURDATE());
insert into studio(studio_id,district_id,contact,image,studio_name,address,status,created_date) values ('STU009',796,'','https://firebasestorage.googleapis.com/v0/b/fitness-fitmax-01.appspot.com/o/gym2.jpg?alt=media&token=83b7d65e-b33d-48d5-aa24-a490b076c19c','Gym HCM D','12 Quoc Huong',1,CURDATE());
insert into studio(studio_id,district_id,contact,image,studio_name,address,status,created_date) values ('STU010',766,'','https://firebasestorage.googleapis.com/v0/b/fitness-fitmax-01.appspot.com/o/gym4.jpg?alt=media&token=24d4d9df-d2b6-4230-afc3-8c13cc61669d','Gym HCM E','20 Cong Hoa',1,CURDATE());
insert into studio(studio_id,district_id,contact,image,studio_name,address,status,created_date) values ('STU011',491,'','https://firebasestorage.googleapis.com/v0/b/fitness-fitmax-01.appspot.com/o/gym2.jpg?alt=media&token=83b7d65e-b33d-48d5-aa24-a490b076c19c','Gym Da Nang A','271 Nguyen Van Linh',1,CURDATE());
insert into studio(studio_id,district_id,contact,image,studio_name,address,status,created_date) values ('STU012',492,'','https://firebasestorage.googleapis.com/v0/b/fitness-fitmax-01.appspot.com/o/gym4.jpg?alt=media&token=24d4d9df-d2b6-4230-afc3-8c13cc61669d','Gym Da Nang B','2 Nguyen Tat Thanh',1,CURDATE());
insert into studio(studio_id,district_id,contact,image,studio_name,address,status,created_date) values ('STU013',494,'','https://firebasestorage.googleapis.com/v0/b/fitness-fitmax-01.appspot.com/o/gym3.jpg?alt=media&token=c9ec6f49-a56f-40c8-84fe-b81d1ea34ef3','Gym Da Nang C','18 Vo Nguyen Giap',1,CURDATE());
insert into studio(studio_id,district_id,contact,image,studio_name,address,status,created_date) values ('STU014',495,'','https://firebasestorage.googleapis.com/v0/b/fitness-fitmax-01.appspot.com/o/gym3.jpg?alt=media&token=c9ec6f49-a56f-40c8-84fe-b81d1ea34ef3','Gym Da Nang D','149 Truong Chinh',1,CURDATE());
insert into studio(studio_id,district_id,contact,image,studio_name,address,status,created_date) values ('STU015',493,'','https://firebasestorage.googleapis.com/v0/b/fitness-fitmax-01.appspot.com/o/gym2.jpg?alt=media&token=83b7d65e-b33d-48d5-aa24-a490b076c19c','Gym Da Nang E','45 Yet Kieu',1,CURDATE());

/*update fitmax.user set user.password ='$2a$10$YW.LA1YSfRuV82V8xxFGquSzrgzV0y.yTIYl.P65HJp0lheXdwAEi' where user.user_id between 0 and 100*/
/*select * from user*/
insert into user(email,password,first_name,last_name,role_id,status,created_date) values ('fivemonkey.co@gmail.com','123456','Monkey','Five','ROLE01',1,CURDATE());
insert into user(email,password,first_name,last_name,role_id,city_id,status,studio_id,created_date) values ('hungha19156@gmail.com','hungha1915','Ha','Pham','ROLE02',01,1,'STU001',CURDATE());
insert into user(email,password,first_name,last_name,role_id,city_id,status,studio_id,created_date) values ('tuanduong144@gmail.com','123456','Tuan','Duong','ROLE02',01,1,'STU004',CURDATE());
insert into user(email,password,first_name,last_name,role_id,city_id,status,studio_id,created_date) values ('huy191101@gmail.com','123456','Huy','Duong','ROLE02',01,1,'STU007',CURDATE());
insert into user(email,password,first_name,last_name,role_id,city_id,status,studio_id,created_date) values ('nguyenvanduc14012000@gmail.com','123456','Duc','Nguyen','ROLE02',01,1,'STU010',CURDATE());
insert into user(email,password,first_name,last_name,role_id,city_id,status,studio_id,created_date) values ('parkhunjk@gmail.com','123456','Viet Anh','Cao','ROLE02',01,1,'STU013',CURDATE());
insert into user(email,password,first_name,last_name,role_id,city_id,status,studio_id,created_date) values ('davidpham95aka201@gmail.com','123456','A','Nguyen','ROLE03',01,1,'STU001',CURDATE());
insert into user(email,password,first_name,last_name,role_id,city_id,status,studio_id,created_date) values ('assistant1.1@gmail.com','123456','A','Nguyen','ROLE03',01,1,'STU001',CURDATE());
insert into user(email,password,first_name,last_name,role_id,city_id,status,studio_id,created_date) values ('assistant1.2@gmail.com','123456','A','Nguyen','ROLE03',01,1,'STU001',CURDATE());
insert into user(email,password,first_name,last_name,role_id,city_id,status,studio_id,created_date) values ('davidpham95aka2011@gmail.com','123456','A','Nguyen','ROLE03',01,1,'STU002',CURDATE());
insert into user(email,password,first_name,last_name,role_id,city_id,status,studio_id,created_date) values ('davidpham95aka2012@gmail.com','123456','A','Nguyen','ROLE03',01,1,'STU003',CURDATE());
insert into user(email,password,first_name,last_name,role_id,city_id,status,studio_id,created_date) values ('davidpham95aka2013@gmail.com','123456','A','Nguyen','ROLE03',01,1,'STU004',CURDATE());
insert into user(email,password,first_name,last_name,role_id,city_id,status,studio_id,created_date) values ('davidpham95aka2014@gmail.com','123456','A','Nguyen','ROLE03',01,1,'STU005',CURDATE());
insert into user(email,password,first_name,last_name,role_id,city_id,status,studio_id,created_date) values ('ducnvhe141646@fpt.edu.vn','123456','Duc','Nguyen','ROLE04',01,1,'STU001',CURDATE());
insert into user(email,password,first_name,last_name,role_id,city_id,status,studio_id,created_date) values ('trainer1.1@gmail.com','123456','Duc','Nguyen','ROLE04',01,1,'STU001',CURDATE());
insert into user(email,password,first_name,last_name,role_id,city_id,status,studio_id,created_date) values ('trainer1.2@gmail.com','123456','Duc','Nguyen','ROLE04',01,1,'STU001',CURDATE());
insert into user(email,password,first_name,last_name,role_id,city_id,status,studio_id,created_date) values ('trainer1.3@gmail.com','123456','Duc','Nguyen','ROLE04',01,1,'STU001',CURDATE());
insert into user(email,password,first_name,last_name,role_id,city_id,status,studio_id,created_date) values ('trainer1.4@gmail.com','123456','Duc','Nguyen','ROLE04',01,1,'STU001',CURDATE());
insert into user(email,password,first_name,last_name,role_id,city_id,status,studio_id,created_date) values ('trainer1.5@gmail.com','123456','Duc','Nguyen','ROLE04',01,1,'STU001',CURDATE());
insert into user(email,password,first_name,last_name,role_id,city_id,status,studio_id,created_date) values ('trainer1.6@gmail.com','123456','Duc','Nguyen','ROLE04',01,1,'STU001',CURDATE());
insert into user(email,password,first_name,last_name,role_id,city_id,status,studio_id,created_date) values ('trainer1.7@gmail.com','123456','Duc','Nguyen','ROLE04',01,1,'STU001',CURDATE());
insert into user(email,password,first_name,last_name,role_id,city_id,status,studio_id,created_date) values ('trainer1.8@gmail.com','123456','Duc','Nguyen','ROLE04',01,1,'STU001',CURDATE());
insert into user(email,password,first_name,last_name,role_id,city_id,status,created_date) values ('haphhe151269@fpt.edu.vn','123456','Ha','Pham','ROLE05',01,1,CURDATE());
insert into user(email,password,first_name,last_name,role_id,city_id,status,created_date) values ('traineecity1.1@fpt.edu.vn','123456','','','ROLE05',01,1,CURDATE());
insert into user(email,password,first_name,last_name,role_id,city_id,status,created_date) values ('traineecity1.2@fpt.edu.vn','123456','','','ROLE05',01,1,CURDATE());
insert into user(email,password,first_name,last_name,role_id,city_id,status,created_date) values ('traineecity1.3@fpt.edu.vn','123456','','','ROLE05',01,1,CURDATE());
insert into user(email,password,first_name,last_name,role_id,city_id,status,created_date) values ('traineecity1.4@fpt.edu.vn','123456','','','ROLE05',01,1,CURDATE());
insert into user(email,password,first_name,last_name,role_id,city_id,status,created_date) values ('traineecity1.5@fpt.edu.vn','123456','','','ROLE05',01,1,CURDATE());
insert into user(email,password,first_name,last_name,role_id,city_id,status,created_date) values ('traineecity1.6@fpt.edu.vn','123456','','','ROLE05',01,1,CURDATE());
insert into user(email,password,first_name,last_name,role_id,city_id,status,created_date) values ('anhcvhe150742@fpt.edu.vn','123456','','','ROLE01',01,1,CURDATE());

insert into user(email,password,first_name,last_name,role_id,city_id,status,studio_id,created_date) values ('hungha191561@gmail.com','hungha1915','Ha','Pham','ROLE02',79,1,'STU002',CURDATE());
insert into user(email,password,first_name,last_name,role_id,city_id,status,studio_id,created_date) values ('tuanduong1441@gmail.com','123456','Tuan','Duong','ROLE02',79,1,'STU005',CURDATE());
insert into user(email,password,first_name,last_name,role_id,city_id,status,studio_id,created_date) values ('huy1911011@gmail.com','123456','Huy','Duong','ROLE02',79,1,'STU008',CURDATE());
insert into user(email,password,first_name,last_name,role_id,city_id,status,studio_id,created_date) values ('nguyenvanduc140120001@gmail.com','123456','Duc','Nguyen','ROLE02',79,1,'STU011',CURDATE());
insert into user(email,password,first_name,last_name,role_id,city_id,status,studio_id,created_date) values ('parkhunjk1@gmail.com','123456','Viet Anh','Cao','ROLE02',79,1,'STU014',CURDATE());
insert into user(email,password,first_name,last_name,role_id,city_id,status,studio_id,created_date) values ('davidpham95aka2015@gmail.com','123456','A','Nguyen','ROLE03',79,1,'STU006',CURDATE());
insert into user(email,password,first_name,last_name,role_id,city_id,status,studio_id,created_date) values ('assistant6.1@gmail.com','123456','A','Nguyen','ROLE03',79,1,'STU006',CURDATE());
insert into user(email,password,first_name,last_name,role_id,city_id,status,studio_id,created_date) values ('assistant6.2@gmail.com','123456','A','Nguyen','ROLE03',79,1,'STU006',CURDATE());
insert into user(email,password,first_name,last_name,role_id,city_id,status,studio_id,created_date) values ('davidpham95aka2016@gmail.com','123456','A','Nguyen','ROLE03',79,1,'STU007',CURDATE());
insert into user(email,password,first_name,last_name,role_id,city_id,status,studio_id,created_date) values ('davidpham95aka2017@gmail.com','123456','A','Nguyen','ROLE03',79,1,'STU008',CURDATE());
insert into user(email,password,first_name,last_name,role_id,city_id,status,studio_id,created_date) values ('davidpham95aka2018@gmail.com','123456','A','Nguyen','ROLE03',79,1,'STU009',CURDATE());
insert into user(email,password,first_name,last_name,role_id,city_id,status,studio_id,created_date) values ('davidpham95aka2019@gmail.com','123456','A','Nguyen','ROLE03',79,1,'STU010',CURDATE());
insert into user(email,password,first_name,last_name,role_id,city_id,status,studio_id,created_date) values ('ducnvhe1416461@fpt.edu.vn','123456','Duc','Nguyen','ROLE04',79,1,'STU006',CURDATE());
insert into user(email,password,first_name,last_name,role_id,city_id,status,studio_id,created_date) values ('trainer6.1@gmail.com','123456','Duc','Nguyen','ROLE04',79,1,'STU006',CURDATE());
insert into user(email,password,first_name,last_name,role_id,city_id,status,studio_id,created_date) values ('trainer6.2@gmail.com','123456','Duc','Nguyen','ROLE04',79,1,'STU006',CURDATE());
insert into user(email,password,first_name,last_name,role_id,city_id,status,studio_id,created_date) values ('trainer6.3@gmail.com','123456','Duc','Nguyen','ROLE04',79,1,'STU006',CURDATE());
insert into user(email,password,first_name,last_name,role_id,city_id,status,studio_id,created_date) values ('trainer6.4@gmail.com','123456','Duc','Nguyen','ROLE04',79,1,'STU006',CURDATE());
insert into user(email,password,first_name,last_name,role_id,city_id,status,studio_id,created_date) values ('trainer6.5@gmail.com','123456','Duc','Nguyen','ROLE04',79,1,'STU006',CURDATE());
insert into user(email,password,first_name,last_name,role_id,city_id,status,studio_id,created_date) values ('trainer6.6@gmail.com','123456','Duc','Nguyen','ROLE04',79,1,'STU006',CURDATE());
insert into user(email,password,first_name,last_name,role_id,city_id,status,studio_id,created_date) values ('trainer6.7@gmail.com','123456','Duc','Nguyen','ROLE04',79,1,'STU006',CURDATE());
insert into user(email,password,first_name,last_name,role_id,city_id,status,studio_id,created_date) values ('trainer6.8@gmail.com','123456','Duc','Nguyen','ROLE04',79,1,'STU006',CURDATE());
insert into user(email,password,first_name,last_name,role_id,city_id,status,created_date) values ('haphhe1512691@fpt.edu.vn','123456','Ha','Pham','ROLE05',79,1,CURDATE());
insert into user(email,password,first_name,last_name,role_id,city_id,status,created_date) values ('traineecity2.1@fpt.edu.vn','123456','','','ROLE05',79,1,CURDATE());
insert into user(email,password,first_name,last_name,role_id,city_id,status,created_date) values ('traineecity2.2@fpt.edu.vn','123456','','','ROLE05',79,1,CURDATE());
insert into user(email,password,first_name,last_name,role_id,city_id,status,created_date) values ('traineecity2.3@fpt.edu.vn','123456','','','ROLE05',79,1,CURDATE());
insert into user(email,password,first_name,last_name,role_id,city_id,status,created_date) values ('traineecity2.4@fpt.edu.vn','123456','','','ROLE05',79,1,CURDATE());
insert into user(email,password,first_name,last_name,role_id,city_id,status,created_date) values ('traineecity2.5@fpt.edu.vn','123456','','','ROLE05',79,1,CURDATE());
insert into user(email,password,first_name,last_name,role_id,city_id,status,created_date) values ('traineecity2.6@fpt.edu.vn','123456','','','ROLE05',79,1,CURDATE());

insert into user(email,password,first_name,last_name,role_id,city_id,status,studio_id,created_date) values ('hungha191562@gmail.com','hungha1915','Ha','Pham','ROLE02',48,1,'STU003',CURDATE());
insert into user(email,password,first_name,last_name,role_id,city_id,status,studio_id,created_date) values ('tuanduong1442@gmail.com','123456','Tuan','Duong','ROLE02',48,1,'STU006',CURDATE());
insert into user(email,password,first_name,last_name,role_id,city_id,status,studio_id,created_date) values ('huy1911012@gmail.com','123456','Huy','Duong','ROLE02',48,1,'STU009',CURDATE());
insert into user(email,password,first_name,last_name,role_id,city_id,status,studio_id,created_date) values ('nguyenvanduc140120002@gmail.com','123456','Duc','Nguyen','ROLE02',48,1,'STU012',CURDATE());
insert into user(email,password,first_name,last_name,role_id,city_id,status,studio_id,created_date) values ('parkhunjk2@gmail.com','123456','Viet Anh','Cao','ROLE02',48,1,'STU015',CURDATE());
insert into user(email,password,first_name,last_name,role_id,city_id,status,studio_id,created_date) values ('davidpham95aka20110@gmail.com','123456','A','Nguyen','ROLE03',48,1,'STU011',CURDATE());
insert into user(email,password,first_name,last_name,role_id,city_id,status,studio_id,created_date) values ('assistant11.1@gmail.com','123456','A','Nguyen','ROLE03',48,1,'STU011',CURDATE());
insert into user(email,password,first_name,last_name,role_id,city_id,status,studio_id,created_date) values ('assistant11.2@gmail.com','123456','A','Nguyen','ROLE03',48,1,'STU011',CURDATE());
insert into user(email,password,first_name,last_name,role_id,city_id,status,studio_id,created_date) values ('davidpham95aka20111@gmail.com','123456','A','Nguyen','ROLE03',48,1,'STU012',CURDATE());
insert into user(email,password,first_name,last_name,role_id,city_id,status,studio_id,created_date) values ('davidpham95aka20112@gmail.com','123456','A','Nguyen','ROLE03',48,1,'STU013',CURDATE());
insert into user(email,password,first_name,last_name,role_id,city_id,status,studio_id,created_date) values ('davidpham95aka20113@gmail.com','123456','A','Nguyen','ROLE03',48,1,'STU014',CURDATE());
insert into user(email,password,first_name,last_name,role_id,city_id,status,studio_id,created_date) values ('davidpham95aka20114@gmail.com','123456','A','Nguyen','ROLE03',48,1,'STU015',CURDATE());
insert into user(email,password,first_name,last_name,role_id,city_id,status,studio_id,created_date) values ('ducnvhe1416462@fpt.edu.vn','123456','Duc','Nguyen','ROLE04',48,1,'STU011',CURDATE());
insert into user(email,password,first_name,last_name,role_id,city_id,status,studio_id,created_date) values ('trainer11.1@gmail.com','123456','Duc','Nguyen','ROLE04',48,1,'STU011',CURDATE());
insert into user(email,password,first_name,last_name,role_id,city_id,status,studio_id,created_date) values ('trainer11.2@gmail.com','123456','Duc','Nguyen','ROLE04',48,1,'STU011',CURDATE());
insert into user(email,password,first_name,last_name,role_id,city_id,status,studio_id,created_date) values ('trainer11.3@gmail.com','123456','Duc','Nguyen','ROLE04',48,1,'STU011',CURDATE());
insert into user(email,password,first_name,last_name,role_id,city_id,status,studio_id,created_date) values ('trainer11.4@gmail.com','123456','Duc','Nguyen','ROLE04',48,1,'STU011',CURDATE());
insert into user(email,password,first_name,last_name,role_id,city_id,status,studio_id,created_date) values ('trainer11.5@gmail.com','123456','Duc','Nguyen','ROLE04',48,1,'STU011',CURDATE());
insert into user(email,password,first_name,last_name,role_id,city_id,status,studio_id,created_date) values ('trainer11.6@gmail.com','123456','Duc','Nguyen','ROLE04',48,1,'STU011',CURDATE());
insert into user(email,password,first_name,last_name,role_id,city_id,status,studio_id,created_date) values ('trainer11.7@gmail.com','123456','Duc','Nguyen','ROLE04',48,1,'STU011',CURDATE());
insert into user(email,password,first_name,last_name,role_id,city_id,status,studio_id,created_date) values ('trainer11.8@gmail.com','123456','Duc','Nguyen','ROLE04',48,1,'STU011',CURDATE());
insert into user(email,password,first_name,last_name,role_id,city_id,status,created_date) values ('haphhe1512692@fpt.edu.vn','123456','Ha','Pham','ROLE05',48,1,CURDATE());
insert into user(email,password,first_name,last_name,role_id,city_id,status,created_date) values ('traineecity3.1@fpt.edu.vn','123456','','','ROLE05',48,1,CURDATE());
insert into user(email,password,first_name,last_name,role_id,city_id,status,created_date) values ('traineecity3.2@fpt.edu.vn','123456','','','ROLE05',48,1,CURDATE());
insert into user(email,password,first_name,last_name,role_id,city_id,status,created_date) values ('traineecity3.3@fpt.edu.vn','123456','','','ROLE05',48,1,CURDATE());
insert into user(email,password,first_name,last_name,role_id,city_id,status,created_date) values ('traineecity3.4@fpt.edu.vn','123456','','','ROLE05',48,1,CURDATE());
insert into user(email,password,first_name,last_name,role_id,city_id,status,created_date) values ('traineecity3.5@fpt.edu.vn','123456','','','ROLE05',48,1,CURDATE());
insert into user(email,password,first_name,last_name,role_id,city_id,status,created_date) values ('traineecity3.6@fpt.edu.vn','123456','','','ROLE05',48,1,CURDATE()); 

/*select * from trainee;*/
insert into trainee(trainee_email,status) values ('haphhe151269@fpt.edu.vn',1);
insert into trainee(trainee_email,status) values ('haphhe1512691@fpt.edu.vn',1);
insert into trainee(trainee_email,status) values ('haphhe1512692@fpt.edu.vn',1);
insert into trainee(trainee_email,status) values ('traineecity1.1@fpt.edu.vn',1);
insert into trainee(trainee_email,status) values ('traineecity1.2@fpt.edu.vn',1);
insert into trainee(trainee_email,status) values ('traineecity1.3@fpt.edu.vn',1);
insert into trainee(trainee_email,status) values ('traineecity1.4@fpt.edu.vn',1);
insert into trainee(trainee_email,status) values ('traineecity1.5@fpt.edu.vn',1);
insert into trainee(trainee_email,status) values ('traineecity1.6@fpt.edu.vn',1);
insert into trainee(trainee_email,status) values ('traineecity2.1@fpt.edu.vn',1);
insert into trainee(trainee_email,status) values ('traineecity2.2@fpt.edu.vn',1);
insert into trainee(trainee_email,status) values ('traineecity2.3@fpt.edu.vn',1);
insert into trainee(trainee_email,status) values ('traineecity2.4@fpt.edu.vn',1);
insert into trainee(trainee_email,status) values ('traineecity2.5@fpt.edu.vn',1);
insert into trainee(trainee_email,status) values ('traineecity2.6@fpt.edu.vn',1);
insert into trainee(trainee_email,status) values ('traineecity3.1@fpt.edu.vn',1);
insert into trainee(trainee_email,status) values ('traineecity3.2@fpt.edu.vn',1);
insert into trainee(trainee_email,status) values ('traineecity3.3@fpt.edu.vn',1);
insert into trainee(trainee_email,status) values ('traineecity3.4@fpt.edu.vn',1);
insert into trainee(trainee_email,status) values ('traineecity3.5@fpt.edu.vn',1);
insert into trainee(trainee_email,status) values ('traineecity3.6@fpt.edu.vn',1);

/*select * from trainer;*/
insert into trainer(trainer_email,status) values ('ducnvhe141646@fpt.edu.vn',1);
insert into trainer(trainer_email,status) values ('ducnvhe1416461@fpt.edu.vn',1);
insert into trainer(trainer_email,status) values ('ducnvhe1416462@fpt.edu.vn',1);
insert into trainer(trainer_email,status) values ('trainer1.1@gmail.com',1);
insert into trainer(trainer_email,status) values ('trainer1.2@gmail.com',1);
insert into trainer(trainer_email,status) values ('trainer1.3@gmail.com',1);
insert into trainer(trainer_email,status) values ('trainer1.4@gmail.com',1);
insert into trainer(trainer_email,status) values ('trainer1.5@gmail.com',1);
insert into trainer(trainer_email,status) values ('trainer1.6@gmail.com',1);
insert into trainer(trainer_email,status) values ('trainer1.7@gmail.com',1);
insert into trainer(trainer_email,status) values ('trainer1.8@gmail.com',1);
insert into trainer(trainer_email,status) values ('trainer6.1@gmail.com',1);
insert into trainer(trainer_email,status) values ('trainer6.2@gmail.com',1);
insert into trainer(trainer_email,status) values ('trainer6.3@gmail.com',1);
insert into trainer(trainer_email,status) values ('trainer6.4@gmail.com',1);
insert into trainer(trainer_email,status) values ('trainer6.5@gmail.com',1);
insert into trainer(trainer_email,status) values ('trainer6.6@gmail.com',1);
insert into trainer(trainer_email,status) values ('trainer6.7@gmail.com',1);
insert into trainer(trainer_email,status) values ('trainer6.8@gmail.com',1);
insert into trainer(trainer_email,status) values ('trainer11.1@gmail.com',1);
insert into trainer(trainer_email,status) values ('trainer11.2@gmail.com',1);
insert into trainer(trainer_email,status) values ('trainer11.3@gmail.com',1);
insert into trainer(trainer_email,status) values ('trainer11.4@gmail.com',1);
insert into trainer(trainer_email,status) values ('trainer11.5@gmail.com',1);
insert into trainer(trainer_email,status) values ('trainer11.6@gmail.com',1);
insert into trainer(trainer_email,status) values ('trainer11.7@gmail.com',1);
insert into trainer(trainer_email,status) values ('trainer11.8@gmail.com',1);

/*select * from category;*/

insert into category(description,category_name,type) values ('','Arm','service');
insert into category(description,category_name,type) values ('','Leg','service');
insert into category(description,category_name,type) values ('','Full Body','service');
insert into category(description,category_name,type) values ('','Physical','service');
insert into category(description,category_name,type) values ('','Advertisement','blog');
insert into category(description,category_name,type) values ('','Exercise','blog');
insert into category(description,category_name,type) values ('','Nutrition','blog');
insert into category(description,category_name,type) values ('','Abs','service');
insert into category(description,category_name,type) values ('','Back','service');
insert into category(description,category_name,type) values ('','Shoulder','service');
insert into category(description,category_name,type) values ('','Information','blog');

/*select * from blog;*/
/*insert into blog(title,writer_id,thumbnail,description,status,created_date,category_id) values ('Advertise 1',7,'https://firebasestorage.googleapis.com/v0/b/fitness-fitmax-01.appspot.com/o/gym_blog_thumbnail_1.jpg?alt=media&token=3973baad-c698-469c-95ce-f05d77028e07','Cras pulvinar mattis nunc sed blandit libero volutpat. Blandit volutpat maecenas volutpat blandit aliquam etiam erat velit. Amet consectetur adipiscing elit pellentesque. Ultricies tristique nulla aliquet enim tortor. Ultricies tristique nulla aliquet enim tortor. Arcu bibendum at varius vel pharetra vel turpis nunc eget. Et leo duis ut diam quam nulla. Cras pulvinar mattis nunc sed blandit libero volutpat. Blandit volutpat maecenas volutpat blandit aliquam etiam erat velit. Amet consectetur adipiscing elit pellentesque.',1,now(),5);
insert into blog(title,writer_id,thumbnail,description,status,created_date,category_id) values ('Advertise 2',7,'https://firebasestorage.googleapis.com/v0/b/fitness-fitmax-01.appspot.com/o/gym_blog_thumbnail_2.jpg?alt=media&token=d9930a69-ab8a-461c-b13a-2f18b3755660','Cras pulvinar mattis nunc sed blandit libero volutpat. Blandit volutpat maecenas volutpat blandit aliquam etiam erat velit. Amet consectetur adipiscing elit pellentesque. Ultricies tristique nulla aliquet enim tortor. Ultricies tristique nulla aliquet enim tortor. Arcu bibendum at varius vel pharetra vel turpis nunc eget. Et leo duis ut diam quam nulla. Cras pulvinar mattis nunc sed blandit libero volutpat. Blandit volutpat maecenas volutpat blandit aliquam etiam erat velit. Amet consectetur adipiscing elit pellentesque.',1,now(),5);
insert into blog(title,writer_id,thumbnail,description,status,created_date,category_id) values ('Advertise 3',7,'https://firebasestorage.googleapis.com/v0/b/fitness-fitmax-01.appspot.com/o/gym_blog_thumbnail_3.jpg?alt=media&token=5d0aa508-d507-44e9-8c8a-a64bc919fcc5','Cras pulvinar mattis nunc sed blandit libero volutpat. Blandit volutpat maecenas volutpat blandit aliquam etiam erat velit. Amet consectetur adipiscing elit pellentesque. Ultricies tristique nulla aliquet enim tortor. Ultricies tristique nulla aliquet enim tortor. Arcu bibendum at varius vel pharetra vel turpis nunc eget. Et leo duis ut diam quam nulla. Cras pulvinar mattis nunc sed blandit libero volutpat. Blandit volutpat maecenas volutpat blandit aliquam etiam erat velit. Amet consectetur adipiscing elit pellentesque.',1,now(),5);
insert into blog(title,writer_id,thumbnail,description,status,created_date,category_id) values ('Advertise 4',7,'https://firebasestorage.googleapis.com/v0/b/fitness-fitmax-01.appspot.com/o/gym_blog_thumbnail_4.jpg?alt=media&token=15505224-9b3d-4bf2-ba5d-52dcff4bfa3c','Cras pulvinar mattis nunc sed blandit libero volutpat. Blandit volutpat maecenas volutpat blandit aliquam etiam erat velit. Amet consectetur adipiscing elit pellentesque. Ultricies tristique nulla aliquet enim tortor. Ultricies tristique nulla aliquet enim tortor. Arcu bibendum at varius vel pharetra vel turpis nunc eget. Et leo duis ut diam quam nulla. Cras pulvinar mattis nunc sed blandit libero volutpat. Blandit volutpat maecenas volutpat blandit aliquam etiam erat velit. Amet consectetur adipiscing elit pellentesque.',1,now(),5);
*/


/*select * from schedule;*/
insert into schedule(schedule_id,start_time,end_time) values ('SCHE01','05:00:00','07:00:00');
insert into schedule(schedule_id,start_time,end_time) values ('SCHE02','07:00:00','09:00:00');
insert into schedule(schedule_id,start_time,end_time) values ('SCHE03','09:00:00','11:00:00');
insert into schedule(schedule_id,start_time,end_time) values ('SCHE04','11:00:00','13:00:00');
insert into schedule(schedule_id,start_time,end_time) values ('SCHE05','13:00:00','15:00:00');
insert into schedule(schedule_id,start_time,end_time) values ('SCHE06','15:00:00','17:00:00');
insert into schedule(schedule_id,start_time,end_time) values ('SCHE07','17:00:00','19:00:00');
insert into schedule(schedule_id,start_time,end_time) values ('SCHE08','19:00:00','21:00:00');

/*select * from service_type*/
insert into service_type(image,description) values ('https://firebasestorage.googleapis.com/v0/b/fitness-fitmax-01.appspot.com/o/gym_package.jpg?alt=media&token=74815fd1-3f23-43a0-b1af-99bb15c1a404','Packages');
insert into service_type(image,description) values ('https://firebasestorage.googleapis.com/v0/b/fitness-fitmax-01.appspot.com/o/personal_training.jpg?alt=media&token=d43b4d45-061a-42f1-8b31-9ece0a972976','Personal Traning');
insert into service_type(image,description) values ('https://firebasestorage.googleapis.com/v0/b/fitness-fitmax-01.appspot.com/o/gym_class.jpg?alt=media&token=90d3c570-409e-41af-be27-39f2dc4d154f','Classes');

/*select s.service_name from service s where s.service_type_id = 1;*/

/*select * from service;*/
insert into service(service_id,service_name,duration,price,image,status,created_by,created_date,service_type_id,city_id,category_id) values ('SER20230001','Basic Workout in 3 months in HN',3,150,'https://firebasestorage.googleapis.com/v0/b/fitness-fitmax-01.appspot.com/o/gym_package_1.jpg?alt=media&token=c9cf6140-edad-487a-8733-2e50a528705a',2,7,CURDATE(),1,01,3);
insert into service(service_id,service_name,duration,price,image,status,created_by,created_date,service_type_id,city_id,category_id) values ('SER20230002','Basic Workout in 6 months in HN',6,270,'https://firebasestorage.googleapis.com/v0/b/fitness-fitmax-01.appspot.com/o/gym_package_2.jpg?alt=media&token=8b053a63-3518-412c-9da1-4f21fc4dc97a',2,7,CURDATE(),1,01,4);
insert into service(service_id,service_name,duration,price,image,status,created_by,created_date,service_type_id,city_id,category_id) values ('SER20230003','Basic Workout in 9 months in HN',9,500,'https://firebasestorage.googleapis.com/v0/b/fitness-fitmax-01.appspot.com/o/gym_package_3.jpg?alt=media&token=2c5485cf-bb1a-448f-b02b-7768b53b5e4c',2,10,CURDATE(),1,01,3);
insert into service(service_id,service_name,duration,price,image,status,created_by,created_date,service_type_id,city_id,category_id) values ('SER20230004','Basic Workout in 12 months in HN',12,750,'https://firebasestorage.googleapis.com/v0/b/fitness-fitmax-01.appspot.com/o/gym_package_4.jpg?alt=media&token=5179633b-eabc-4b6b-b8ae-db12762175f8',2,10,CURDATE(),1,01,4);
insert into service(service_id,service_name,duration,price,image,status,created_by,created_date,service_type_id,city_id,category_id) values ('SER20230005','Basic Workout in 15 months in HN',15,870,'https://firebasestorage.googleapis.com/v0/b/fitness-fitmax-01.appspot.com/o/gym_package_5.jpg?alt=media&token=8adfc941-6825-4481-be9f-72f8dc83e567',2,11,CURDATE(),1,01,3);
insert into service(service_id,service_name,duration,price,image,status,created_by,created_date,service_type_id,city_id,category_id) values ('SER20230006','Basic Workout in 18 months in HN',18,1000,'https://firebasestorage.googleapis.com/v0/b/fitness-fitmax-01.appspot.com/o/gym_package_6.jpg?alt=media&token=00e97800-f264-484a-b093-66e0bba89e84',2,11,CURDATE(),1,01,4);
insert into service(service_id,service_name,duration,price,image,status,created_by,created_date,service_type_id,city_id,category_id) values ('SER20230007','Basic Workout in 21 months in HN',21,1100,'https://firebasestorage.googleapis.com/v0/b/fitness-fitmax-01.appspot.com/o/gym_package_7.jpg?alt=media&token=8343fa49-96e5-41e1-a964-cb44e861596a',2,12,CURDATE(),1,01,3);
insert into service(service_id,service_name,duration,price,image,status,created_by,created_date,service_type_id,city_id,category_id) values ('SER20230008','Basic Workout in 24 months in HN',24,1200,'https://firebasestorage.googleapis.com/v0/b/fitness-fitmax-01.appspot.com/o/gym_package_8.jpg?alt=media&token=66901113-ae27-481d-be94-1391851121c6',2,12,CURDATE(),1,01,4);
insert into service(service_id,service_name,duration,price,image,status,created_by,created_date,service_type_id,studio_id,city_id,category_id) values ('SER20230009','Hanoi VIP Workout in 3 months',3,350,'https://firebasestorage.googleapis.com/v0/b/fitness-fitmax-01.appspot.com/o/gym_package_9.jpg?alt=media&token=4188e13a-86be-4473-8616-db91f6b68497',2,13,CURDATE(),1,'STU001',01,3);
insert into service(service_id,service_name,duration,price,image,status,created_by,created_date,service_type_id,studio_id,city_id,category_id) values ('SER20230010','Hanoi VIP Workout in 6 months',6,680,'https://firebasestorage.googleapis.com/v0/b/fitness-fitmax-01.appspot.com/o/gym_package_10.jpg?alt=media&token=8ec9be91-c354-40a3-ab7e-86c313003ac3',2,13,CURDATE(),1,'STU001',01,4);

insert into service(service_id,service_name,duration,price,image,status,created_by,created_date,service_type_id,city_id,category_id) values ('SER20230011','Basic Workout in 3 months in HCM',3,170,'https://firebasestorage.googleapis.com/v0/b/fitness-fitmax-01.appspot.com/o/gym_package_11.jpg?alt=media&token=971ec138-6e5b-42dd-9375-d93f0c3fdf98',2,35,CURDATE(),1,79,3);
insert into service(service_id,service_name,duration,price,image,status,created_by,created_date,service_type_id,city_id,category_id) values ('SER20230012','Basic Workout in 6 months in HCM',6,290,'https://firebasestorage.googleapis.com/v0/b/fitness-fitmax-01.appspot.com/o/gym_package_12.jpg?alt=media&token=fa440521-ba32-40ce-93f8-b591568575c9',2,35,CURDATE(),1,79,4);
insert into service(service_id,service_name,duration,price,image,status,created_by,created_date,service_type_id,city_id,category_id) values ('SER20230013','Basic Workout in 9 months in HCM',9,520,'https://firebasestorage.googleapis.com/v0/b/fitness-fitmax-01.appspot.com/o/gym_package_13.jpg?alt=media&token=12af336f-994c-45b7-a248-9b82e3724a9d',2,38,CURDATE(),1,79,3);
insert into service(service_id,service_name,duration,price,image,status,created_by,created_date,service_type_id,city_id,category_id) values ('SER20230014','Basic Workout in 12 months in HCM',12,770,'https://firebasestorage.googleapis.com/v0/b/fitness-fitmax-01.appspot.com/o/gym_package_14.jpg?alt=media&token=87d9f7c4-f9f4-4fc5-b9b9-f1e67d9aeb87',2,38,CURDATE(),1,79,4);
insert into service(service_id,service_name,duration,price,image,status,created_by,created_date,service_type_id,city_id,category_id) values ('SER20230015','Basic Workout in 15 months in HCM',15,890,'https://firebasestorage.googleapis.com/v0/b/fitness-fitmax-01.appspot.com/o/gym_package_15.jpg?alt=media&token=668cf983-95a2-4438-b21c-8316fabb8556',2,39,CURDATE(),1,79,3);
insert into service(service_id,service_name,duration,price,image,status,created_by,created_date,service_type_id,city_id,category_id) values ('SER20230016','Basic Workout in 18 months in HCM',18,1020,'https://firebasestorage.googleapis.com/v0/b/fitness-fitmax-01.appspot.com/o/gym_package_16.jpg?alt=media&token=e580d8bf-10b7-4fc9-ac0e-3071a4aa8bb1',2,39,CURDATE(),1,79,4);
insert into service(service_id,service_name,duration,price,image,status,created_by,created_date,service_type_id,city_id,category_id) values ('SER20230017','Basic Workout in 21 months in HCM',21,1120,'https://firebasestorage.googleapis.com/v0/b/fitness-fitmax-01.appspot.com/o/gym_package_17.jpg?alt=media&token=f01f8f76-83eb-4655-b065-9ee7aaa4d336',2,40,CURDATE(),1,79,3);
insert into service(service_id,service_name,duration,price,image,status,created_by,created_date,service_type_id,city_id,category_id) values ('SER20230018','Basic Workout in 24 months in HCM',24,1220,'https://firebasestorage.googleapis.com/v0/b/fitness-fitmax-01.appspot.com/o/gym_package_18.jpg?alt=media&token=17b8fa52-758b-427f-b2ab-a11459d72084',2,40,CURDATE(),1,79,4);
insert into service(service_id,service_name,duration,price,image,status,created_by,created_date,service_type_id,studio_id,city_id,category_id) values ('SER20230019','HCM VIP Workout in 3 months',3,400,'https://firebasestorage.googleapis.com/v0/b/fitness-fitmax-01.appspot.com/o/gym_package_19.jpg?alt=media&token=90b28312-a1fa-4c3e-b043-329701fdb2c1',2,41,CURDATE(),1,'STU006',79,3);
insert into service(service_id,service_name,duration,price,image,status,created_by,created_date,service_type_id,studio_id,city_id,category_id) values ('SER20230020','HCM VIP Workout in 6 months',6,750,'https://firebasestorage.googleapis.com/v0/b/fitness-fitmax-01.appspot.com/o/gym_package_20.jpg?alt=media&token=d58e77a8-6f52-4317-be62-7b9e7d185a6f',2,41,CURDATE(),1,'STU006',79,4);

insert into service(service_id,service_name,duration,price,image,status,created_by,created_date,service_type_id,city_id,category_id) values ('SER20230021','Basic Workout in 3 months in DN',3,130,'https://firebasestorage.googleapis.com/v0/b/fitness-fitmax-01.appspot.com/o/gym_package_21.jpg?alt=media&token=68bfafb8-446f-44fa-ae09-1ef1c121f645',2,63,CURDATE(),1,48,3);
insert into service(service_id,service_name,duration,price,image,status,created_by,created_date,service_type_id,city_id,category_id) values ('SER20230022','Basic Workout in 6 months in DN',6,240,'https://firebasestorage.googleapis.com/v0/b/fitness-fitmax-01.appspot.com/o/gym_package_22.jpg?alt=media&token=c1fd16a1-7753-43f3-a960-2678b17687da',2,63,CURDATE(),1,48,4);
insert into service(service_id,service_name,duration,price,image,status,created_by,created_date,service_type_id,city_id,category_id) values ('SER20230023','Basic Workout in 9 months in DN',9,470,'https://firebasestorage.googleapis.com/v0/b/fitness-fitmax-01.appspot.com/o/gym_package_23.jpg?alt=media&token=9b0d3973-05c7-4430-84f0-d684a5c6f62e',2,66,CURDATE(),1,48,3);
insert into service(service_id,service_name,duration,price,image,status,created_by,created_date,service_type_id,city_id,category_id) values ('SER20230024','Basic Workout in 12 months in DN',12,720,'https://firebasestorage.googleapis.com/v0/b/fitness-fitmax-01.appspot.com/o/gym_package_24.jpg?alt=media&token=09bc8854-c7e1-4c47-a677-b53c5f21ed47',2,66,CURDATE(),1,48,4);
insert into service(service_id,service_name,duration,price,image,status,created_by,created_date,service_type_id,city_id,category_id) values ('SER20230025','Basic Workout in 15 months in DN',15,840,'https://firebasestorage.googleapis.com/v0/b/fitness-fitmax-01.appspot.com/o/gym_package_25.jpg?alt=media&token=076a1736-d1d7-4554-872b-b9018caea5a5',2,67,CURDATE(),1,48,3);
insert into service(service_id,service_name,duration,price,image,status,created_by,created_date,service_type_id,city_id,category_id) values ('SER20230026','Basic Workout in 18 months in DN',18,970,'https://firebasestorage.googleapis.com/v0/b/fitness-fitmax-01.appspot.com/o/gym_package_26.png?alt=media&token=50e96177-c23a-4456-875c-788786560e82',2,67,CURDATE(),1,48,4);
insert into service(service_id,service_name,duration,price,image,status,created_by,created_date,service_type_id,city_id,category_id) values ('SER20230027','Basic Workout in 21 months in DN',21,1070,'https://firebasestorage.googleapis.com/v0/b/fitness-fitmax-01.appspot.com/o/gym_package_27.jpg?alt=media&token=5c96b06d-d15a-4110-8010-3bdff783ecf8',2,68,CURDATE(),1,48,3);
insert into service(service_id,service_name,duration,price,image,status,created_by,created_date,service_type_id,city_id,category_id) values ('SER20230028','Basic Workout in 24 months in DN',24,1170,'https://firebasestorage.googleapis.com/v0/b/fitness-fitmax-01.appspot.com/o/gym_package_28.jpg?alt=media&token=9f5d0625-2f79-4b5e-b3fe-9c0f8aa012be',2,68,CURDATE(),1,48,4);
insert into service(service_id,service_name,duration,price,image,status,created_by,created_date,service_type_id,studio_id,city_id,category_id) values ('SER20230029','DN VIP Workout in 3 months',3,300,'https://firebasestorage.googleapis.com/v0/b/fitness-fitmax-01.appspot.com/o/gym_package_29.jfif?alt=media&token=a67d56d0-93e0-409d-a15a-fc62becfa53f',2,69,CURDATE(),1,'STU011',48,3);
insert into service(service_id,service_name,duration,price,image,status,created_by,created_date,service_type_id,studio_id,city_id,category_id) values ('SER20230030','DN VIP Workout in 6 months',6,580,'https://firebasestorage.googleapis.com/v0/b/fitness-fitmax-01.appspot.com/o/gym_package_30.jpg?alt=media&token=a03c72cc-96a7-44d7-95a1-683acf06dc21',2,69,CURDATE(),1,'STU011',48,4);


insert into service(service_id,service_name,duration,price,image,status,created_by,created_date,service_type_id,studio_id,city_id,category_id) values ('SER20230031','Practice Yoga for 3 months',3,300,'https://firebasestorage.googleapis.com/v0/b/fitness-fitmax-01.appspot.com/o/yoga_1.jpg?alt=media&token=242b68ce-02f4-48f1-bf7b-88bbd2af9270',2,7,CURDATE(),3,'STU001',01,3);
insert into service(service_id,service_name,duration,price,image,status,created_by,created_date,service_type_id,studio_id,city_id,category_id) values ('SER20230032','Practice KickBoxing for 3 months',3,350,'https://firebasestorage.googleapis.com/v0/b/fitness-fitmax-01.appspot.com/o/kickboxing_1.jpg?alt=media&token=800417a1-8ecf-489a-85f9-5bed26c43e2a',2,7,CURDATE(),3,'STU001',01,4);
insert into service(service_id,service_name,duration,price,image,status,created_by,created_date,service_type_id,studio_id,city_id,category_id) values ('SER20230033','Practice Yoga for 3 months',3,320,'https://firebasestorage.googleapis.com/v0/b/fitness-fitmax-01.appspot.com/o/yoga_2.jpg?alt=media&token=360da67d-c3f7-4deb-b892-0ccaf2315c2b',2,10,CURDATE(),3,'STU002',01,3);
insert into service(service_id,service_name,duration,price,image,status,created_by,created_date,service_type_id,studio_id,city_id,category_id) values ('SER20230034','Practice KickBoxing for 3 months',3,380,'https://firebasestorage.googleapis.com/v0/b/fitness-fitmax-01.appspot.com/o/kickboxing_10.jpg?alt=media&token=82871c5e-162a-46ed-99e5-40eaf6757474',2,10,CURDATE(),3,'STU002',01,4);
insert into service(service_id,service_name,duration,price,image,status,created_by,created_date,service_type_id,studio_id,city_id,category_id) values ('SER20230035','Practice Yoga for 3 months',3,290,'https://firebasestorage.googleapis.com/v0/b/fitness-fitmax-01.appspot.com/o/yoga_3.jpg?alt=media&token=50f9c9d6-90ec-43ab-af2b-4baeb99480b7',2,11,CURDATE(),3,'STU003',01,3);
insert into service(service_id,service_name,duration,price,image,status,created_by,created_date,service_type_id,studio_id,city_id,category_id) values ('SER20230036','Practice KickBoxing for 3 months',3,390,'https://firebasestorage.googleapis.com/v0/b/fitness-fitmax-01.appspot.com/o/kickboxing_11.jpg?alt=media&token=ef582d47-576f-40ec-9802-da5891db5b60',2,11,CURDATE(),3,'STU003',01,4);
insert into service(service_id,service_name,duration,price,image,status,created_by,created_date,service_type_id,studio_id,city_id,category_id) values ('SER20230037','Practice Yoga for 3 months',3,285,'https://firebasestorage.googleapis.com/v0/b/fitness-fitmax-01.appspot.com/o/yoga_4.jpg?alt=media&token=5f6b7a5d-ecd4-4f73-a1c6-11ec08545acf',2,12,CURDATE(),3,'STU004',1,3);
insert into service(service_id,service_name,duration,price,image,status,created_by,created_date,service_type_id,studio_id,city_id,category_id) values ('SER20230038','Practice KickBoxing for 3 months',3,400,'https://firebasestorage.googleapis.com/v0/b/fitness-fitmax-01.appspot.com/o/kickboxing_12.jpg?alt=media&token=8dcf7ddc-b5c4-4058-8211-4db42e2be992',2,12,CURDATE(),3,'STU004',01,4);
insert into service(service_id,service_name,duration,price,image,status,created_by,created_date,service_type_id,studio_id,city_id,category_id) values ('SER20230039','Practice Yoga for 3 months',3,250,'https://firebasestorage.googleapis.com/v0/b/fitness-fitmax-01.appspot.com/o/yoga_5.jpg?alt=media&token=8d037fe8-35e3-45c9-8b29-df319ec30377',2,13,CURDATE(),3,'STU005',01,3);
insert into service(service_id,service_name,duration,price,image,status,created_by,created_date,service_type_id,studio_id,city_id,category_id) values ('SER20230040','Practice KickBoxing for 3 months',3,405,'https://firebasestorage.googleapis.com/v0/b/fitness-fitmax-01.appspot.com/o/kickboxing_13.jpg?alt=media&token=10adc129-34e1-4a55-b98d-2502eab0fa4e',2,13,CURDATE(),3,'STU005',01,4);

insert into service(service_id,service_name,duration,price,image,status,created_by,created_date,service_type_id,studio_id,city_id,category_id) values ('SER20230041','Practice Yoga for 3 months',3,260,'https://firebasestorage.googleapis.com/v0/b/fitness-fitmax-01.appspot.com/o/yoga_6.jpg?alt=media&token=c917ee21-c7a8-4bf0-8c2a-9b002b3e5111',2,35,CURDATE(),3,'STU006',79,3);
insert into service(service_id,service_name,duration,price,image,status,created_by,created_date,service_type_id,studio_id,city_id,category_id) values ('SER20230042','Practice KickBoxing for 3 months',3,400,'https://firebasestorage.googleapis.com/v0/b/fitness-fitmax-01.appspot.com/o/kickboxing_14.jpg?alt=media&token=23d2c5c6-22e6-4262-9e97-e63fbb0f2a22',2,35,CURDATE(),3,'STU006',79,4);
insert into service(service_id,service_name,duration,price,image,status,created_by,created_date,service_type_id,studio_id,city_id,category_id) values ('SER20230043','Practice Yoga for 3 months',3,270,'https://firebasestorage.googleapis.com/v0/b/fitness-fitmax-01.appspot.com/o/yoga_7.jpg?alt=media&token=8a13b259-db75-4588-86a7-790060df0a79',2,38,CURDATE(),3,'STU007',79,3);
insert into service(service_id,service_name,duration,price,image,status,created_by,created_date,service_type_id,studio_id,city_id,category_id) values ('SER20230044','Practice KickBoxing for 3 months',3,390,'https://firebasestorage.googleapis.com/v0/b/fitness-fitmax-01.appspot.com/o/kickboxing_15.jpg?alt=media&token=8aebfda5-60fb-4f67-88b3-af72c5841bf8',2,38,CURDATE(),3,'STU007',79,4);
insert into service(service_id,service_name,duration,price,image,status,created_by,created_date,service_type_id,studio_id,city_id,category_id) values ('SER20230045','Practice Yoga for 3 months',3,275,'https://firebasestorage.googleapis.com/v0/b/fitness-fitmax-01.appspot.com/o/yoga_8.jpg?alt=media&token=4b3195aa-c8ea-4a03-be39-acbb7777f85c',2,39,CURDATE(),3,'STU008',79,3);
insert into service(service_id,service_name,duration,price,image,status,created_by,created_date,service_type_id,studio_id,city_id,category_id) values ('SER20230046','Practice KickBoxing for 3 months',3,380,'https://firebasestorage.googleapis.com/v0/b/fitness-fitmax-01.appspot.com/o/kickboxing_2.jpg?alt=media&token=ec513051-6b69-4e22-a689-372051b7564a',2,39,CURDATE(),3,'STU008',79,4);
insert into service(service_id,service_name,duration,price,image,status,created_by,created_date,service_type_id,studio_id,city_id,category_id) values ('SER20230047','Practice Yoga for 3 months',3,255,'https://firebasestorage.googleapis.com/v0/b/fitness-fitmax-01.appspot.com/o/yoga_9.jpg?alt=media&token=ff02c1dd-08ce-4de7-8816-9494b6d03026',2,40,CURDATE(),3,'STU009',79,3);
insert into service(service_id,service_name,duration,price,image,status,created_by,created_date,service_type_id,studio_id,city_id,category_id) values ('SER20230048','Practice KickBoxing for 3 months',3,350,'https://firebasestorage.googleapis.com/v0/b/fitness-fitmax-01.appspot.com/o/kickboxing_3.jpg?alt=media&token=a31ea25a-3a98-459f-99cb-391e55052a41',2,40,CURDATE(),3,'STU009',79,4);
insert into service(service_id,service_name,duration,price,image,status,created_by,created_date,service_type_id,studio_id,city_id,category_id) values ('SER20230049','Practice Yoga for 3 months',3,257,'https://firebasestorage.googleapis.com/v0/b/fitness-fitmax-01.appspot.com/o/yoga_15.jpg?alt=media&token=87b6dd0e-b7bf-4b4b-abaa-0326f540f494',2,41,CURDATE(),3,'STU010',79,3);
insert into service(service_id,service_name,duration,price,image,status,created_by,created_date,service_type_id,studio_id,city_id,category_id) values ('SER20230050','Practice KickBoxing for 3 months',3,355,'https://firebasestorage.googleapis.com/v0/b/fitness-fitmax-01.appspot.com/o/kickboxing_4.jpg?alt=media&token=d9ef19fa-b707-4d5c-9703-60c62ec7946f',2,41,CURDATE(),3,'STU010',79,4);

insert into service(service_id,service_name,duration,price,image,status,created_by,created_date,service_type_id,studio_id,city_id,category_id) values ('SER20230051','Practice Yoga for 3 months',3,260,'https://firebasestorage.googleapis.com/v0/b/fitness-fitmax-01.appspot.com/o/yoga_10.jpg?alt=media&token=a0b653b1-f232-4603-844e-51ccf42c46eb',2,63,CURDATE(),3,'STU011',48,3);
insert into service(service_id,service_name,duration,price,image,status,created_by,created_date,service_type_id,studio_id,city_id,category_id) values ('SER20230052','Practice KickBoxing for 3 months',3,360,'https://firebasestorage.googleapis.com/v0/b/fitness-fitmax-01.appspot.com/o/kickboxing_5.jpg?alt=media&token=6476cc83-dd66-4804-ac67-308f6a659e58',2,63,CURDATE(),3,'STU011',48,4);
insert into service(service_id,service_name,duration,price,image,status,created_by,created_date,service_type_id,studio_id,city_id,category_id) values ('SER20230053','Practice Yoga for 3 months',3,262,'https://firebasestorage.googleapis.com/v0/b/fitness-fitmax-01.appspot.com/o/yoga_11.jpg?alt=media&token=6729e288-f1d4-4fd9-b688-5eb04d47a17a',2,66,CURDATE(),3,'STU012',48,3);
insert into service(service_id,service_name,duration,price,image,status,created_by,created_date,service_type_id,studio_id,city_id,category_id) values ('SER20230054','Practice KickBoxing for 3 months',3,370,'https://firebasestorage.googleapis.com/v0/b/fitness-fitmax-01.appspot.com/o/kickboxing_6.jpg?alt=media&token=4798ba3b-84fd-4c38-9302-3d0b010472de',2,66,CURDATE(),3,'STU012',48,4);
insert into service(service_id,service_name,duration,price,image,status,created_by,created_date,service_type_id,studio_id,city_id,category_id) values ('SER20230055','Practice Yoga for 3 months',3,265,'https://firebasestorage.googleapis.com/v0/b/fitness-fitmax-01.appspot.com/o/yoga_12.png?alt=media&token=a4aa3667-5ec6-4e63-b29c-8be6e59bc261',2,67,CURDATE(),3,'STU013',48,3);
insert into service(service_id,service_name,duration,price,image,status,created_by,created_date,service_type_id,studio_id,city_id,category_id) values ('SER20230056','Practice KickBoxing for 3 months',3,375,'https://firebasestorage.googleapis.com/v0/b/fitness-fitmax-01.appspot.com/o/kickboxing_7.png?alt=media&token=381d5b5f-3634-4c4e-9048-3b07ac2e87cd',2,67,CURDATE(),3,'STU013',48,4);
insert into service(service_id,service_name,duration,price,image,status,created_by,created_date,service_type_id,studio_id,city_id,category_id) values ('SER20230057','Practice Yoga for 3 months',3,290,'https://firebasestorage.googleapis.com/v0/b/fitness-fitmax-01.appspot.com/o/yoga_13.png?alt=media&token=d26305a5-a13e-42c2-86a7-802c90f3514e',2,68,CURDATE(),3,'STU014',48,3);
insert into service(service_id,service_name,duration,price,image,status,created_by,created_date,service_type_id,studio_id,city_id,category_id) values ('SER20230058','Practice KickBoxing for 3 months',3,388,'https://firebasestorage.googleapis.com/v0/b/fitness-fitmax-01.appspot.com/o/kickboxing_8.jpg?alt=media&token=ce706814-3628-4114-83e3-9123418bd733',2,68,CURDATE(),3,'STU014',48,4);
insert into service(service_id,service_name,duration,price,image,status,created_by,created_date,service_type_id,studio_id,city_id,category_id) values ('SER20230059','Practice Yoga for 3 months',3,270,'https://firebasestorage.googleapis.com/v0/b/fitness-fitmax-01.appspot.com/o/yoga_14.jpg?alt=media&token=b8892f69-15f1-4e18-89a7-c57c8bcb20e1',2,69,CURDATE(),3,'STU015',48,3);
insert into service(service_id,service_name,duration,price,image,status,created_by,created_date,service_type_id,studio_id,city_id,category_id) values ('SER20230060','Practice KickBoxing for 3 months',3,392,'https://firebasestorage.googleapis.com/v0/b/fitness-fitmax-01.appspot.com/o/kickboxing_9.png?alt=media&token=69949714-72bf-405b-8464-5c594e4c1e12',2,69,CURDATE(),3,'STU015',48,4);

/*select * from class*/
insert into class(service_id) values ('SER20230031');
insert into class(service_id) values ('SER20230032');
insert into class(service_id) values ('SER20230033');
insert into class(service_id) values ('SER20230034');
insert into class(service_id) values ('SER20230035');
insert into class(service_id) values ('SER20230036');
insert into class(service_id) values ('SER20230037');
insert into class(service_id) values ('SER20230038');
insert into class(service_id) values ('SER20230039');
insert into class(service_id) values ('SER20230040');
insert into class(service_id) values ('SER20230041');
insert into class(service_id) values ('SER20230042');
insert into class(service_id) values ('SER20230043');
insert into class(service_id) values ('SER20230044');
insert into class(service_id) values ('SER20230045');
insert into class(service_id) values ('SER20230046');
insert into class(service_id) values ('SER20230047');
insert into class(service_id) values ('SER20230048');
insert into class(service_id) values ('SER20230049');
insert into class(service_id) values ('SER20230050');
insert into class(service_id) values ('SER20230051');
insert into class(service_id) values ('SER20230052');
insert into class(service_id) values ('SER20230053');
insert into class(service_id) values ('SER20230054');
insert into class(service_id) values ('SER20230055');
insert into class(service_id) values ('SER20230056');
insert into class(service_id) values ('SER20230057');
insert into class(service_id) values ('SER20230058');
insert into class(service_id) values ('SER20230059');
insert into class(service_id) values ('SER20230060');

/*select * from session;*/
insert into session(session_id,session_name,created_date,happened_date,class_id,schedule_id,trainer_email) values ('SES20230001','Gentle Yoga',CURDATE(),'2023-03-20',1,'SCHE01','ducnvhe141646@fpt.edu.vn');
insert into session(session_id,session_name,created_date,happened_date,class_id,schedule_id,trainer_email) values ('SES20230002','Yoga Flow',CURDATE(),'2023-03-21',1,'SCHE01','ducnvhe141646@fpt.edu.vn');
insert into session(session_id,session_name,created_date,happened_date,class_id,schedule_id,trainer_email) values ('SES20230003','Gentle Yoga',CURDATE(),'2023-03-22',1,'SCHE01','ducnvhe141646@fpt.edu.vn');
insert into session(session_id,session_name,created_date,happened_date,class_id,schedule_id,trainer_email) values ('SES20230004','Hatha Yoga',CURDATE(),'2023-03-23',1,'SCHE01','ducnvhe141646@fpt.edu.vn');
insert into session(session_id,session_name,created_date,happened_date,class_id,schedule_id,trainer_email) values ('SES20230005','Yoga Flow',CURDATE(),'2023-03-24',1,'SCHE01','ducnvhe141646@fpt.edu.vn');
insert into session(session_id,session_name,created_date,happened_date,class_id,schedule_id,trainer_email) values ('SES20230006','Yoga Therapy',CURDATE(),'2023-03-25',1,'SCHE01','ducnvhe141646@fpt.edu.vn');
insert into session(session_id,session_name,created_date,happened_date,class_id,schedule_id,trainer_email) values ('SES20230007','Yoga Core',CURDATE(),'2023-03-20',1,'SCHE02','ducnvhe141646@fpt.edu.vn');
insert into session(session_id,session_name,created_date,happened_date,class_id,schedule_id,trainer_email) values ('SES20230008','Core Fit',CURDATE(),'2023-03-21',1,'SCHE02','ducnvhe141646@fpt.edu.vn');
insert into session(session_id,session_name,created_date,happened_date,class_id,schedule_id,trainer_email) values ('SES20230009','Ashtanga Yoga',CURDATE(),'2023-03-22',1,'SCHE02','ducnvhe141646@fpt.edu.vn');
insert into session(session_id,session_name,created_date,happened_date,class_id,schedule_id,trainer_email) values ('SES20230010','Ashtanga Yoga',CURDATE(),'2023-03-23',1,'SCHE02','ducnvhe141646@fpt.edu.vn');
insert into session(session_id,session_name,created_date,happened_date,class_id,schedule_id,trainer_email) values ('SES20230011','Inversion Yoga',CURDATE(),'2023-03-24',1,'SCHE02','ducnvhe141646@fpt.edu.vn');
insert into session(session_id,session_name,created_date,happened_date,class_id,schedule_id,trainer_email) values ('SES20230012','Breath & Asana',CURDATE(),'2023-03-20',1,'SCHE03','ducnvhe141646@fpt.edu.vn');
insert into session(session_id,session_name,created_date,happened_date,class_id,schedule_id,trainer_email) values ('SES20230013','Back & Twist',CURDATE(),'2023-03-21',1,'SCHE03','ducnvhe141646@fpt.edu.vn');
insert into session(session_id,session_name,created_date,happened_date,class_id,schedule_id,trainer_email) values ('SES20230014','Hip & Twist',CURDATE(),'2023-03-22',1,'SCHE03','ducnvhe141646@fpt.edu.vn');
insert into session(session_id,session_name,created_date,happened_date,class_id,schedule_id,trainer_email) values ('SES20230015','Yoga Core',CURDATE(),'2023-03-20',1,'SCHE05','ducnvhe141646@fpt.edu.vn');
insert into session(session_id,session_name,created_date,happened_date,class_id,schedule_id,trainer_email) values ('SES20230016','Hatha Flow',CURDATE(),'2023-03-22',1,'SCHE05','ducnvhe141646@fpt.edu.vn');
insert into session(session_id,session_name,created_date,happened_date,class_id,schedule_id,trainer_email) values ('SES20230017','Solar Yoga',CURDATE(),'2023-03-24',1,'SCHE05','ducnvhe141646@fpt.edu.vn');
insert into session(session_id,session_name,created_date,happened_date,class_id,schedule_id,trainer_email) values ('SES20230018','Vinyasa Yoga',CURDATE(),'2023-03-20',1,'SCHE06','ducnvhe141646@fpt.edu.vn');
insert into session(session_id,session_name,created_date,happened_date,class_id,schedule_id,trainer_email) values ('SES20230019','Split Yoga',CURDATE(),'2023-03-21',1,'SCHE06','ducnvhe141646@fpt.edu.vn');
insert into session(session_id,session_name,created_date,happened_date,class_id,schedule_id,trainer_email) values ('SES20230020','Core Fit',CURDATE(),'2023-03-22',1,'SCHE06','ducnvhe141646@fpt.edu.vn');
insert into session(session_id,session_name,created_date,happened_date,class_id,schedule_id,trainer_email) values ('SES20230021','Hatha Yoga',CURDATE(),'2023-03-23',1,'SCHE06','ducnvhe141646@fpt.edu.vn');
insert into session(session_id,session_name,created_date,happened_date,class_id,schedule_id,trainer_email) values ('SES20230022','Ashtanga Yoga',CURDATE(),'2023-03-24',1,'SCHE06','ducnvhe141646@fpt.edu.vn');
insert into session(session_id,session_name,created_date,happened_date,class_id,schedule_id,trainer_email) values ('SES20230023','Hatha Yoga',CURDATE(),'2023-03-25',1,'SCHE06','ducnvhe141646@fpt.edu.vn');
insert into session(session_id,session_name,created_date,happened_date,class_id,schedule_id,trainer_email) values ('SES20230024','Twisting Yoga',CURDATE(),'2023-03-20',1,'SCHE07','ducnvhe141646@fpt.edu.vn');
insert into session(session_id,session_name,created_date,happened_date,class_id,schedule_id,trainer_email) values ('SES20230025','Hatha Balance',CURDATE(),'2023-03-21',1,'SCHE07','ducnvhe141646@fpt.edu.vn');
insert into session(session_id,session_name,created_date,happened_date,class_id,schedule_id,trainer_email) values ('SES20230026','Hip Opening',CURDATE(),'2023-03-22',1,'SCHE07','ducnvhe141646@fpt.edu.vn');
insert into session(session_id,session_name,created_date,happened_date,class_id,schedule_id,trainer_email) values ('SES20230027','Vinyasa Flow',CURDATE(),'2023-03-23',1,'SCHE07','ducnvhe141646@fpt.edu.vn');
insert into session(session_id,session_name,created_date,happened_date,class_id,schedule_id,trainer_email) values ('SES20230028','Yoga Therapy',CURDATE(),'2023-03-24',1,'SCHE07','ducnvhe141646@fpt.edu.vn');
insert into session(session_id,session_name,created_date,happened_date,class_id,schedule_id,trainer_email) values ('SES20230029','Yoga Core',CURDATE(),'2023-03-25',1,'SCHE07','ducnvhe141646@fpt.edu.vn');
insert into session(session_id,session_name,created_date,happened_date,class_id,schedule_id,trainer_email) values ('SES20230030','Yoga Stretch',CURDATE(),'2023-03-20',1,'SCHE08','ducnvhe141646@fpt.edu.vn');
insert into session(session_id,session_name,created_date,happened_date,class_id,schedule_id,trainer_email) values ('SES20230031','Hatha Flow',CURDATE(),'2023-03-21',1,'SCHE08','ducnvhe141646@fpt.edu.vn');
insert into session(session_id,session_name,created_date,happened_date,class_id,schedule_id,trainer_email) values ('SES20230032','Yoga Basic',CURDATE(),'2023-03-22',1,'SCHE08','ducnvhe141646@fpt.edu.vn');
insert into session(session_id,session_name,created_date,happened_date,class_id,schedule_id,trainer_email) values ('SES20230033','Power Yoga',CURDATE(),'2023-03-23',1,'SCHE08','ducnvhe141646@fpt.edu.vn');
insert into session(session_id,session_name,created_date,happened_date,class_id,schedule_id,trainer_email) values ('SES20230034','Hip Opening',CURDATE(),'2023-03-24',1,'SCHE08','ducnvhe141646@fpt.edu.vn');

/*select * from status;*/
insert into status(type,type_id,status_name) values ('service',0,'Rejected');
insert into status(type,type_id,status_name) values ('service',1,'Waiting');
insert into status(type,type_id,status_name) values ('service',2,'In Progress');
insert into status(type,type_id,status_name) values ('service',3,'Expired');
insert into status(type,type_id,status_name) values ('blog',0,'Waiting');
insert into status(type,type_id,status_name) values ('blog',1,'Approved');
insert into status(type,type_id,status_name) values ('blog',2,'Rejected');
insert into status(type,type_id,status_name) values ('blog',3,'Expired');

insert into status(type,type_id,status_name) values ('registration',0,'Pending');
insert into status(type,type_id,status_name) values ('registration',1,'Verified');
insert into status(type,type_id,status_name) values ('registration',2,'Cancel');
insert into status(type,type_id,status_name) values ('registration',3,'In progress');
insert into status(type,type_id,status_name) values ('registration',4,'Expired');


INSERT INTO slider(description,image,title,user_id) VALUES('ELITE FITNESS X VPBANK | TP LUYN TH GA - CHNG LO V GI','https://firebasestorage.googleapis.com/v0/b/fitness-fitmax-01.appspot.com/o/slide-1.jpg?alt=media&token=0e0571e6-4c9a-4afd-a272-4ec4a8afc618','A New California',1);
INSERT INTO slider(description,image,title,user_id) VALUES('ELITE FITNESS X VPBANK | TP LUYN TH GA - CHNG LO V GI','https://firebasestorage.googleapis.com/v0/b/fitness-fitmax-01.appspot.com/o/slide-2.jpg?alt=media&token=48de613b-77df-4ca8-aa73-c0876c5b5aa0','A New California',1);
INSERT INTO slider(description,image,title,user_id) VALUES('ELITE FITNESS X VPBANK | TP LUYN TH GA - CHNG LO V GI','https://firebasestorage.googleapis.com/v0/b/fitness-fitmax-01.appspot.com/o/slide-1.jpg?alt=media&token=0e0571e6-4c9a-4afd-a272-4ec4a8afc618','A New California',1);

-- Update Trainer-------------------

 UPDATE `fitmax`.`trainer` SET `trainer_id` = '14' WHERE (`trainer_email` = 'ducnvhe141646@fpt.edu.vn');
 UPDATE `fitmax`.`trainer` SET `trainer_id` = '43' WHERE (`trainer_email` = 'ducnvhe1416461@fpt.edu.vn');
 UPDATE `fitmax`.`trainer` SET `trainer_id` = '71' WHERE (`trainer_email` = 'ducnvhe1416462@fpt.edu.vn');
 UPDATE `fitmax`.`trainer` SET `trainer_id` = '15' WHERE (`trainer_email` = 'trainer1.1@gmail.com');
 UPDATE `fitmax`.`trainer` SET `trainer_id` = '16' WHERE (`trainer_email` = 'trainer1.2@gmail.com');
 UPDATE `fitmax`.`trainer` SET `trainer_id` = '17' WHERE (`trainer_email` = 'trainer1.3@gmail.com');
 UPDATE `fitmax`.`trainer` SET `trainer_id` = '18' WHERE (`trainer_email` = 'trainer1.4@gmail.com');
 UPDATE `fitmax`.`trainer` SET `trainer_id` = '19' WHERE (`trainer_email` = 'trainer1.5@gmail.com');
 UPDATE `fitmax`.`trainer` SET `trainer_id` = '20' WHERE (`trainer_email` = 'trainer1.6@gmail.com');
 UPDATE `fitmax`.`trainer` SET `trainer_id` = '21' WHERE (`trainer_email` = 'trainer1.7@gmail.com');
 UPDATE `fitmax`.`trainer` SET `trainer_id` = '22' WHERE (`trainer_email` = 'trainer1.8@gmail.com');
 UPDATE `fitmax`.`trainer` SET `trainer_id` = '72' WHERE (`trainer_email` = 'trainer11.1@gmail.com');
 UPDATE `fitmax`.`trainer` SET `trainer_id` = '73' WHERE (`trainer_email` = 'trainer11.2@gmail.com');
 UPDATE `fitmax`.`trainer` SET `trainer_id` = '74' WHERE (`trainer_email` = 'trainer11.3@gmail.com');
 UPDATE `fitmax`.`trainer` SET `trainer_id` = '75' WHERE (`trainer_email` = 'trainer11.4@gmail.com');
 UPDATE `fitmax`.`trainer` SET `trainer_id` = '76' WHERE (`trainer_email` = 'trainer11.5@gmail.com');
 UPDATE `fitmax`.`trainer` SET `trainer_id` = '77' WHERE (`trainer_email` = 'trainer11.6@gmail.com');
 UPDATE `fitmax`.`trainer` SET `trainer_id` = '78' WHERE (`trainer_email` = 'trainer11.7@gmail.com');
 UPDATE `fitmax`.`trainer` SET `trainer_id` = '79' WHERE (`trainer_email` = 'trainer11.8@gmail.com');
 UPDATE `fitmax`.`trainer` SET `trainer_id` = '44' WHERE (`trainer_email` = 'trainer6.1@gmail.com');
 UPDATE `fitmax`.`trainer` SET `trainer_id` = '45' WHERE (`trainer_email` = 'trainer6.2@gmail.com');
  UPDATE `fitmax`.`trainer` SET `trainer_id` = '46' WHERE (`trainer_email` = 'trainer6.3@gmail.com');
  UPDATE `fitmax`.`trainer` SET `trainer_id` = '47' WHERE (`trainer_email` = 'trainer6.4@gmail.com');
  UPDATE `fitmax`.`trainer` SET `trainer_id` = '48' WHERE (`trainer_email` = 'trainer6.5@gmail.com');
  UPDATE `fitmax`.`trainer` SET `trainer_id` = '49' WHERE (`trainer_email` = 'trainer6.6@gmail.com');
  UPDATE `fitmax`.`trainer` SET `trainer_id` = '50' WHERE (`trainer_email` = 'trainer6.7@gmail.com');
  UPDATE `fitmax`.`trainer` SET `trainer_id` = '51' WHERE (`trainer_email` = 'trainer6.8@gmail.com');
  
  -- Update Service For PT--------------------------------------------
  INSERT INTO `fitmax`.`service` (`service_id`, `created_date`, `duration`, `image`, `service_name`, `price`, `status`, `category_id`, `city_id`, `service_type_id`, `studio_id`, `created_by`) 
  VALUES ('SER20230061', '2023-03-29 00:00:00.000000', '3', 'https://firebasestorage.googleapis.com/v0/b/fitness-fitmax-01.appspot.com/o/kickboxing_9.png?alt=media&token=69949714-72bf-405b-8464-5c594e4c1e12', 'Practice With PT for 3 months', '300', '2', '2', '1', '2', 'STU001', '69');

  INSERT INTO `fitmax`.`service` (`service_id`, `created_date`, `duration`, `image`, `service_name`, `price`, `status`, `category_id`, `city_id`, `service_type_id`, `studio_id`, `created_by`) 
  VALUES ('SER20230062', '2023-03-29 00:00:00.000000', '6', 'https://firebasestorage.googleapis.com/v0/b/fitness-fitmax-01.appspot.com/o/kickboxing_9.png?alt=media&token=69949714-72bf-405b-8464-5c594e4c1e12', 'Practice With PT for 6 months', '600', '2', '2', '1', '2', 'STU001', '69');
  
  INSERT INTO `fitmax`.`service` (`service_id`, `created_date`, `duration`, `image`, `service_name`, `price`, `status`, `category_id`, `city_id`, `service_type_id`, `studio_id`, `created_by`) 
  VALUES ('SER20230063', '2023-03-29 00:00:00.000000', '12', 'https://firebasestorage.googleapis.com/v0/b/fitness-fitmax-01.appspot.com/o/kickboxing_9.png?alt=media&token=69949714-72bf-405b-8464-5c594e4c1e12', 'Practice With PT for 12 months', '900', '2', '2', '1', '2', 'STU001', '69');
  
  -- Update Trainer -----------------------------------------------
UPDATE `fitmax`.`user` SET `address` = 'Ha Noi', `avatar` = 'https://firebasestorage.googleapis.com/v0/b/fitness-fitmax-01.appspot.com/o/386530108316255472264451872500067146680079n-1536476550357380511152-1032.jpg?alt=media&token=b8fb4015-06a7-45b3-bad5-fcc0e65656a2' WHERE (`user_id` = '14');
UPDATE `fitmax`.`user` SET `address` = 'Thai Binh', `avatar` = 'https://firebasestorage.googleapis.com/v0/b/fitness-fitmax-01.appspot.com/o/386530108316255472264451872500067146680079n-1536476550357380511152-1032.jpg?alt=media&token=b8fb4015-06a7-45b3-bad5-fcc0e65656a2', `first_name` = 'Linh', `last_name` = 'Tran' WHERE (`user_id` = '15');
UPDATE `fitmax`.`user` SET `address` = 'Bac Can', `avatar` = 'https://firebasestorage.googleapis.com/v0/b/fitness-fitmax-01.appspot.com/o/huan-luyen-vien-gym-nu-trang-le.jpg?alt=media&token=b8fb4015-06a7-45b3-bad5-fcc0e65656a2', `first_name` = 'Cao', `last_name` = 'Kieu' WHERE (`user_id` = '16');
UPDATE `fitmax`.`user` SET `address` = 'Da Nang', `avatar` = 'https://firebasestorage.googleapis.com/v0/b/fitness-fitmax-01.appspot.com/o/386530108316255472264451872500067146680079n-1536476550357380511152-1032.jpg?alt=media&token=b8fb4015-06a7-45b3-bad5-fcc0e65656a2', `first_name` = 'My' WHERE (`user_id` = '17');
UPDATE `fitmax`.`user` SET `address` = 'Ho Chi Minh', `avatar` = 'https://firebasestorage.googleapis.com/v0/b/fitness-fitmax-01.appspot.com/o/huan-luyen-vien-gym-nu-trang-le.jpg?alt=media&token=b8fb4015-06a7-45b3-bad5-fcc0e65656a2', `first_name` = 'Thanh', `last_name` = 'Trinh' WHERE (`user_id` = '18');
UPDATE `fitmax`.`user` SET `address` = 'Can Tho', `avatar` = 'https://firebasestorage.googleapis.com/v0/b/fitness-fitmax-01.appspot.com/o/386530108316255472264451872500067146680079n-1536476550357380511152-1032.jpg?alt=media&token=b8fb4015-06a7-45b3-bad5-fcc0e65656a2', `first_name` = 'Bac' WHERE (`user_id` = '19');
UPDATE `fitmax`.`user` SET `address` = 'Quang Ninh', `avatar` = 'https://firebasestorage.googleapis.com/v0/b/fitness-fitmax-01.appspot.com/o/huan-luyen-vien-gym-nu-trang-le.jpg?alt=media&token=b8fb4015-06a7-45b3-bad5-fcc0e65656a2', `first_name` = 'Linh', `last_name` = 'Hoang' WHERE (`user_id` = '20');
UPDATE `fitmax`.`user` SET `address` = 'Hai Duong', `avatar` = 'https://firebasestorage.googleapis.com/v0/b/fitness-fitmax-01.appspot.com/o/386530108316255472264451872500067146680079n-1536476550357380511152-1032.jpg?alt=media&token=b8fb4015-06a7-45b3-bad5-fcc0e65656a2', `first_name` = 'Bao' WHERE (`user_id` = '21');
UPDATE `fitmax`.`user` SET `address` = 'Ninh Binh', `avatar` = 'https://firebasestorage.googleapis.com/v0/b/fitness-fitmax-01.appspot.com/o/386530108316255472264451872500067146680079n-1536476550357380511152-1032.jpg?alt=media&token=b8fb4015-06a7-45b3-bad5-fcc0e65656a2', `first_name` = 'Dai', `last_name` = 'Ngo' WHERE (`user_id` = '22');
UPDATE `fitmax`.`user` SET `address` = 'Thanh Hoa', `avatar` = 'https://firebasestorage.googleapis.com/v0/b/fitness-fitmax-01.appspot.com/o/ngam-cac-pt-dep-trai-ran-roi-noi-tieng-the-gioi-7.jpg?alt=media&token=b8fb4015-06a7-45b3-bad5-fcc0e65656a2', `first_name` = 'Nam' WHERE (`user_id` = '43');
UPDATE `fitmax`.`user` SET `address` = 'Binh Duong', `avatar` = 'https://firebasestorage.googleapis.com/v0/b/fitness-fitmax-01.appspot.com/o/ngam-cac-pt-dep-trai-ran-roi-noi-tieng-the-gioi-7.jpg?alt=media&token=b8fb4015-06a7-45b3-bad5-fcc0e65656a2', `first_name` = 'Hoa', `last_name` = 'Trinh' WHERE (`user_id` = '44');
UPDATE `fitmax`.`user` SET `address` = 'Dong Nai', `avatar` = 'https://firebasestorage.googleapis.com/v0/b/fitness-fitmax-01.appspot.com/o/7_1-0709172.jpg?alt=media&token=b8fb4015-06a7-45b3-bad5-fcc0e65656a2', `first_name` = 'Phuc' WHERE (`user_id` = '45');
UPDATE `fitmax`.`user` SET `address` = 'Long An', `avatar` = 'https://firebasestorage.googleapis.com/v0/b/fitness-fitmax-01.appspot.com/o/386530108316255472264451872500067146680079n-1536476550357380511152-1032.jpg?alt=media&token=b8fb4015-06a7-45b3-bad5-fcc0e65656a2', `first_name` = 'Quan', `last_name` = 'Hoang' WHERE (`user_id` = '46');
UPDATE `fitmax`.`user` SET `address` = 'Ha Noi', `avatar` = 'https://firebasestorage.googleapis.com/v0/b/fitness-fitmax-01.appspot.com/o/386530108316255472264451872500067146680079n-1536476550357380511152-1032.jpg?alt=media&token=b8fb4015-06a7-45b3-bad5-fcc0e65656a2', `first_name` = 'Linh', `last_name` = 'Do' WHERE (`user_id` = '47');
UPDATE `fitmax`.`user` SET `address` = 'Dong Nai', `avatar` = 'https://firebasestorage.googleapis.com/v0/b/fitness-fitmax-01.appspot.com/o/386530108316255472264451872500067146680079n-1536476550357380511152-1032.jpg?alt=media&token=b8fb4015-06a7-45b3-bad5-fcc0e65656a2', `first_name` = 'Quynh', `last_name` = 'Tran' WHERE (`user_id` = '48');
UPDATE `fitmax`.`user` SET `address` = 'Da Nang', `avatar` = 'https://firebasestorage.googleapis.com/v0/b/fitness-fitmax-01.appspot.com/o/386530108316255472264451872500067146680079n-1536476550357380511152-1032.jpg?alt=media&token=b8fb4015-06a7-45b3-bad5-fcc0e65656a2', `first_name` = 'Nam', `last_name` = 'Duong' WHERE (`user_id` = '49');
UPDATE `fitmax`.`user` SET `address` = 'Quang Tri', `avatar` = 'https://firebasestorage.googleapis.com/v0/b/fitness-fitmax-01.appspot.com/o/386530108316255472264451872500067146680079n-1536476550357380511152-1032.jpg?alt=media&token=b8fb4015-06a7-45b3-bad5-fcc0e65656a2', `first_name` = 'Tran' WHERE (`user_id` = '50');
UPDATE `fitmax`.`user` SET `address` = 'Quang Ngai', `avatar` = 'https://firebasestorage.googleapis.com/v0/b/fitness-fitmax-01.appspot.com/o/386530108316255472264451872500067146680079n-1536476550357380511152-1032.jpg?alt=media&token=b8fb4015-06a7-45b3-bad5-fcc0e65656a2', `first_name` = 'Tam', `last_name` = 'Do' WHERE (`user_id` = '51');
UPDATE `fitmax`.`user` SET `address` = 'Binh Phuoc', `avatar` = 'https://firebasestorage.googleapis.com/v0/b/fitness-fitmax-01.appspot.com/o/386530108316255472264451872500067146680079n-1536476550357380511152-1032.jpg?alt=media&token=b8fb4015-06a7-45b3-bad5-fcc0e65656a2', `first_name` = 'Quynh', `last_name` = 'Mai' WHERE (`user_id` = '72');
UPDATE `fitmax`.`user` SET `address` = 'Nghe An', `avatar` = 'https://firebasestorage.googleapis.com/v0/b/fitness-fitmax-01.appspot.com/o/ngam-cac-pt-dep-trai-ran-roi-noi-tieng-the-gioi-7.jpg?alt=media&token=b8fb4015-06a7-45b3-bad5-fcc0e65656a2' WHERE (`user_id` = '71');
UPDATE `fitmax`.`user` SET `address` = 'Binh Duong', `avatar` = 'https://firebasestorage.googleapis.com/v0/b/fitness-fitmax-01.appspot.com/o/386530108316255472264451872500067146680079n-1536476550357380511152-1032.jpg?alt=media&token=b8fb4015-06a7-45b3-bad5-fcc0e65656a2', `first_name` = 'Linh', `last_name` = 'Anh' WHERE (`user_id` = '73');
UPDATE `fitmax`.`user` SET `address` = 'Da Nang', `avatar` = 'https://firebasestorage.googleapis.com/v0/b/fitness-fitmax-01.appspot.com/o/ngam-cac-pt-dep-trai-ran-roi-noi-tieng-the-gioi-7.jpg?alt=media&token=b8fb4015-06a7-45b3-bad5-fcc0e65656a2', `first_name` = 'My', `last_name` = 'Linh' WHERE (`user_id` = '74');
UPDATE `fitmax`.`user` SET `address` = 'Da Nang', `avatar` = 'https://firebasestorage.googleapis.com/v0/b/fitness-fitmax-01.appspot.com/o/386530108316255472264451872500067146680079n-1536476550357380511152-1032.jpg?alt=media&token=b8fb4015-06a7-45b3-bad5-fcc0e65656a2', `first_name` = 'Quan', `last_name` = 'Anh' WHERE (`user_id` = '75');
UPDATE `fitmax`.`user` SET `address` = 'Ninh Binh', `avatar` = 'https://firebasestorage.googleapis.com/v0/b/fitness-fitmax-01.appspot.com/o/ngam-cac-pt-dep-trai-ran-roi-noi-tieng-the-gioi-7.jpg?alt=media&token=b8fb4015-06a7-45b3-bad5-fcc0e65656a2', `first_name` = 'Dai', `last_name` = 'Han' WHERE (`user_id` = '76');
UPDATE `fitmax`.`user` SET `address` = 'Quang Tri', `avatar` = 'https://firebasestorage.googleapis.com/v0/b/fitness-fitmax-01.appspot.com/o/386530108316255472264451872500067146680079n-1536476550357380511152-1032.jpg?alt=media&token=b8fb4015-06a7-45b3-bad5-fcc0e65656a2', `first_name` = 'Dan', `last_name` = 'Quoc' WHERE (`user_id` = '77');
UPDATE `fitmax`.`user` SET `address` = 'Quang Nam', `avatar` = 'https://firebasestorage.googleapis.com/v0/b/fitness-fitmax-01.appspot.com/o/huan-luyen-vien-gym-nu-trang-le.jpg?alt=media&token=b8fb4015-06a7-45b3-bad5-fcc0e65656a2', `first_name` = 'Viet', `last_name` = 'Nam' WHERE (`user_id` = '78');
UPDATE `fitmax`.`user` SET `address` = 'Hue', `avatar` = 'https://firebasestorage.googleapis.com/v0/b/fitness-fitmax-01.appspot.com/o/huan-luyen-vien-gym-nu-trang-le.jpg?alt=media&token=b8fb4015-06a7-45b3-bad5-fcc0e65656a2', `first_name` = 'Linh', `last_name` = 'Nam' WHERE (`user_id` = '79');


-- Update Trainer-----
UPDATE `fitmax`.`trainer` SET `achievement` = 'ISSA Certificate <br> National Fitness Association', `certificate` = 'ISSA Certificate <br> National Fitness Association', `description` = 'I am an all-rounder with experience with weight loss, wellness, boot camps as well as instructing Group Fitness classes in HIIT and Boxing', `experience` = '2 years', `philosophy` = ' \"Believe in yourself. You are working on a better version of yourself.\"', `specialication` = 'Weight loss <br> Boxing training <Br> High intensity interval training' WHERE (`trainer_email` = 'ducnvhe141646@fpt.edu.vn');
UPDATE `fitmax`.`trainer` SET `achievement` = 'ISSA Certificate <br> National Fitness Association', `certificate` = 'ISSA Certificate <br> National Fitness Association', `description` = 'I am an all-rounder with experience with weight loss, wellness, boot camps as well as instructing Group Fitness classes in HIIT and Boxing', `experience` = '1 years', `philosophy` = '\" You must expect great things of yourself before you can do them.\"', `specialication` = 'Weight loss <br> Boxing training <Br> High intensity interval training' WHERE (`trainer_email` = 'ducnvhe1416461@fpt.edu.vn');
UPDATE `fitmax`.`trainer` SET `achievement` = 'ISSA Certificate <br> National Fitness Association', `certificate` = 'ISSA Certificate <br> National Fitness Association', `description` = 'I am an all-rounder with experience with weight loss, wellness, boot camps as well as instructing Group Fitness classes in HIIT and Boxing', `experience` = '3 years', `philosophy` = '\"Showing up is the secret to success.\"', `specialication` = 'Weight loss <br> Boxing training <Br> High intensity interval training' WHERE (`trainer_email` = 'ducnvhe1416462@fpt.edu.vn');
UPDATE `fitmax`.`trainer` SET `achievement` = 'ISSA Certificate <br> National Fitness Association', `certificate` = 'ISSA Certificate <br> National Fitness Association', `description` = 'I am an all-rounder with experience with weight loss, wellness, boot camps as well as instructing Group Fitness classes in HIIT and Boxing', `experience` = '2 years', `philosophy` = ' \"Planning, commitment and consistency delivers results.\"', `qualification` = 'ISSA Certificate <br> National Fitness Association', `specialication` = 'Weight loss <br> Boxing training <Br> High intensity interval training' WHERE (`trainer_email` = 'trainer6.8@gmail.com');
UPDATE `fitmax`.`trainer` SET `achievement` = 'ISSA Certificate <br> National Fitness Association', `certificate` = 'ISSA Certificate <br> National Fitness Association', `description` = 'I am an all-rounder with experience with weight loss, wellness, boot camps as well as instructing Group Fitness classes in HIIT and Boxing', `experience` = '1 years', `philosophy` = ' \"When the going gets tough, the tough get going.\"', `qualification` = 'ISSA Certificate <br> National Fitness Association', `specialication` = 'Weight loss <br> Boxing training <Br> High intensity interval training' WHERE (`trainer_email` = 'trainer6.7@gmail.com');
UPDATE `fitmax`.`trainer` SET `achievement` = 'ISSA Certificate <br> National Fitness Association', `certificate` = 'ISSA Certificate <br> National Fitness Association', `description` = 'I am an all-rounder with experience with weight loss, wellness, boot camps as well as instructing Group Fitness classes in HIIT and Boxing', `experience` = '2 years', `philosophy` = ' \"Success is learning to fail better. Strive for progress, not perfection.\"', `qualification` = 'ISSA Certificate <br> National Fitness Association', `specialication` = 'Weight loss <br> Boxing training <Br> High intensity interval training' WHERE (`trainer_email` = 'trainer6.6@gmail.com');
UPDATE `fitmax`.`trainer` SET `achievement` = 'ISSA Certificate <br> National Fitness Association', `certificate` = 'ISSA Certificate <br> National Fitness Association', `description` = 'I am an all-rounder with experience with weight loss, wellness, boot camps as well as instructing Group Fitness classes in HIIT and Boxing', `experience` = '4 years', `philosophy` = '\"If you want to change, start training with me.\"', `qualification` = 'ISSA Certificate <br> National Fitness Association', `specialication` = 'Weight loss <br> Boxing training <Br> High intensity interval training' WHERE (`trainer_email` = 'trainer6.5@gmail.com');
UPDATE `fitmax`.`trainer` SET `achievement` = 'ISSA Certificate <br> National Fitness Association', `certificate` = 'ISSA Certificate <br> National Fitness Association', `description` = 'I am an all-rounder with experience with weight loss, wellness, boot camps as well as instructing Group Fitness classes in HIIT and Boxing', `experience` = '2 years', `philosophy` = '\"Believe in yourself and your ability to succeed.', `qualification` = 'ISSA Certificate <br> National Fitness Association', `specialication` = 'Weight loss <br> Boxing training <Br> High intensity interval training' WHERE (`trainer_email` = 'trainer6.4@gmail.com');
UPDATE `fitmax`.`trainer` SET `achievement` = 'ISSA Certificate <br> National Fitness Association', `certificate` = 'ISSA Certificate <br> National Fitness Association', `description` = 'I am an all-rounder with experience with weight loss, wellness, boot camps as well as instructing Group Fitness classes in HIIT and Boxing', `experience` = '2 years', `philosophy` = '\"5 P\'s - proper planning prevents poor performance.\"', `qualification` = 'ISSA Certificate <br> National Fitness Association', `specialication` = 'Weight loss <br> Boxing training <Br> High intensity interval training' WHERE (`trainer_email` = 'trainer6.3@gmail.com');
UPDATE `fitmax`.`trainer` SET `achievement` = 'ISSA Certificate <br> National Fitness Association', `certificate` = 'ISSA Certificate <br> National Fitness Association', `description` = 'I am an all-rounder with experience with weight loss, wellness, boot camps as well as instructing Group Fitness classes in HIIT and Boxing', `experience` = '3 years', `philosophy` = ' Exercise not only changes your body. It changes your mind, your attitude and your mood.', `qualification` = 'ISSA Certificate <br> National Fitness Association', `specialication` = 'Weight loss <br> Boxing training <Br> High intensity interval training' WHERE (`trainer_email` = 'trainer6.2@gmail.com');
UPDATE `fitmax`.`trainer` SET `achievement` = 'ISSA Certificate <br> National Fitness Association', `certificate` = 'ISSA Certificate <br> National Fitness Association', `description` = 'I am an all-rounder with experience with weight loss, wellness, boot camps as well as instructing Group Fitness classes in HIIT and Boxing', `experience` = '2 years', `philosophy` = ' Good things dont come easy, otherwise everyone would do it.', `qualification` = 'ISSA Certificate <br> National Fitness Association', `specialication` = 'Weight loss <br> Boxing training <Br> High intensity interval training' WHERE (`trainer_email` = 'trainer6.1@gmail.com');
UPDATE `fitmax`.`trainer` SET `achievement` = 'ISSA Certificate <br> National Fitness Association', `certificate` = 'ISSA Certificate <br> National Fitness Association', `description` = 'I am an all-rounder with experience with weight loss, wellness, boot camps as well as instructing Group Fitness classes in HIIT and Boxing', `experience` = '2 years', `philosophy` = 'Gym is therapy', `qualification` = 'ISSA Certificate <br> National Fitness Association', `specialication` = 'Weight loss <br> Boxing training <Br> High intensity interval training' WHERE (`trainer_email` = 'trainer11.8@gmail.com');
UPDATE `fitmax`.`trainer` SET `achievement` = 'ISSA Certificate <br> National Fitness Association', `certificate` = 'ISSA Certificate <br> National Fitness Association', `description` = 'I am an all-rounder with experience with weight loss, wellness, boot camps as well as instructing Group Fitness classes in HIIT and Boxing', `experience` = '4 years', `philosophy` = ' \"Your strongest muscle and worst enemy is your mind - train it well.\"', `qualification` = 'ISSA Certificate <br> National Fitness Association', `specialication` = 'Weight loss <br> Boxing training <Br> High intensity interval training' WHERE (`trainer_email` = 'trainer11.7@gmail.com');
UPDATE `fitmax`.`trainer` SET `achievement` = 'ISSA Certificate <br> National Fitness Association', `certificate` = 'ISSA Certificate <br> National Fitness Association', `description` = 'I am an all-rounder with experience with weight loss, wellness, boot camps as well as instructing Group Fitness classes in HIIT and Boxing', `experience` = '2 years', `philosophy` = '\"Practice does not make perfect, perfect practice makes perfection.\"', `qualification` = 'ISSA Certificate <br> National Fitness Association', `specialication` = 'Weight loss <br> Boxing training <Br> High intensity interval training' WHERE (`trainer_email` = 'trainer11.6@gmail.com');
UPDATE `fitmax`.`trainer` SET `achievement` = 'ISSA Certificate <br> National Fitness Association', `certificate` = 'ISSA Certificate <br> National Fitness Association', `description` = 'I am an all-rounder with experience with weight loss, wellness, boot camps as well as instructing Group Fitness classes in HIIT and Boxing', `experience` = '2 years', `philosophy` = '\" Its in responsibility that most people find the meaning that sustains them through life.\"', `specialication` = 'Weight loss <br> Boxing training <Br> High intensity interval training' WHERE (`trainer_email` = 'trainer1.1@gmail.com');
UPDATE `fitmax`.`trainer` SET `achievement` = 'ISSA Certificate <br> National Fitness Association', `certificate` = 'ISSA Certificate <br> National Fitness Association', `description` = 'I am an all-rounder with experience with weight loss, wellness, boot camps as well as instructing Group Fitness classes in HIIT and Boxing', `experience` = '2 years', `philosophy` = '\"The body achieves what the mind believes.\"', `qualification` = 'ISSA Certificate <br> National Fitness Association', `specialication` = 'Weight loss <br> Boxing training <Br> High intensity interval training' WHERE (`trainer_email` = 'trainer1.2@gmail.com');
UPDATE `fitmax`.`trainer` SET `achievement` = 'ISSA Certificate <br> National Fitness Association', `certificate` = 'ISSA Certificate <br> National Fitness Association', `description` = 'I am an all-rounder with experience with weight loss, wellness, boot camps as well as instructing Group Fitness classes in HIIT and Boxing', `experience` = '4 years', `philosophy` = ' \"Planning, commitment and consistency delivers results.\"', `qualification` = 'ISSA Certificate <br> National Fitness Association', `specialication` = 'Weight loss <br> Boxing training <Br> High intensity interval training' WHERE (`trainer_email` = 'trainer1.3@gmail.com');
UPDATE `fitmax`.`trainer` SET `achievement` = 'ISSA Certificate <br> National Fitness Association', `certificate` = 'ISSA Certificate <br> National Fitness Association', `description` = 'I am an all-rounder with experience with weight loss, wellness, boot camps as well as instructing Group Fitness classes in HIIT and Boxing', `experience` = '2 years', `philosophy` = '\"When the going gets tough, the tough get going.\"', `qualification` = 'ISSA Certificate <br> National Fitness Association', `specialication` = 'Weight loss <br> Boxing training <Br> High intensity interval training' WHERE (`trainer_email` = 'trainer1.4@gmail.com');
UPDATE `fitmax`.`trainer` SET `achievement` = 'ISSA Certificate <br> National Fitness Association', `certificate` = 'ISSA Certificate <br> National Fitness Association', `description` = 'I am an all-rounder with experience with weight loss, wellness, boot camps as well as instructing Group Fitness classes in HIIT and Boxing', `experience` = '4 years', `philosophy` = ' Exercise not only changes your body. It changes your mind, your attitude and your mood.', `qualification` = 'ISSA Certificate <br> National Fitness Association', `specialication` = 'Weight loss <br> Boxing training <Br> High intensity interval training' WHERE (`trainer_email` = 'trainer1.5@gmail.com');
UPDATE `fitmax`.`trainer` SET `achievement` = 'ISSA Certificate <br> National Fitness Association', `certificate` = 'ISSA Certificate <br> National Fitness Association', `description` = 'I am an all-rounder with experience with weight loss, wellness, boot camps as well as instructing Group Fitness classes in HIIT and Boxing', `experience` = '2 years', `philosophy` = ' \"Success is learning to fail better. Strive for progress, not perfection.\"', `qualification` = 'ISSA Certificate <br> National Fitness Association', `specialication` = 'Weight loss <br> Boxing training <Br> High intensity interval training' WHERE (`trainer_email` = 'trainer1.6@gmail.com');
UPDATE `fitmax`.`trainer` SET `achievement` = 'ISSA Certificate <br> National Fitness Association', `certificate` = 'ISSA Certificate <br> National Fitness Association', `description` = 'I am an all-rounder with experience with weight loss, wellness, boot camps as well as instructing Group Fitness classes in HIIT and Boxing', `experience` = '2 years', `philosophy` = 'Gym is therapy', `qualification` = 'ISSA Certificate <br> National Fitness Association', `specialication` = 'Weight loss <br> Boxing training <Br> High intensity interval training' WHERE (`trainer_email` = 'trainer1.7@gmail.com');
UPDATE `fitmax`.`trainer` SET `achievement` = 'ISSA Certificate <br> National Fitness Association', `certificate` = 'ISSA Certificate <br> National Fitness Association', `description` = 'I am an all-rounder with experience with weight loss, wellness, boot camps as well as instructing Group Fitness classes in HIIT and Boxing', `experience` = '3 years', `philosophy` = ' \"Success is learning to fail better. Strive for progress, not perfection.\"', `qualification` = 'ISSA Certificate <br> National Fitness Association', `specialication` = 'Weight loss <br> Boxing training <Br> High intensity interval training' WHERE (`trainer_email` = 'trainer1.8@gmail.com');
UPDATE `fitmax`.`trainer` SET `achievement` = 'ISSA Certificate <br> National Fitness Association', `certificate` = 'ISSA Certificate <br> National Fitness Association', `description` = 'I am an all-rounder with experience with weight loss, wellness, boot camps as well as instructing Group Fitness classes in HIIT and Boxing', `experience` = '2 years', `philosophy` = ' \"When the going gets tough, the tough get going.\"', `qualification` = 'ISSA Certificate <br> National Fitness Association', `specialication` = 'Weight loss <br> Boxing training <Br> High intensity interval training' WHERE (`trainer_email` = 'trainer11.1@gmail.com');
UPDATE `fitmax`.`trainer` SET `achievement` = 'ISSA Certificate <br> National Fitness Association', `certificate` = 'ISSA Certificate <br> National Fitness Association', `description` = 'I am an all-rounder with experience with weight loss, wellness, boot camps as well as instructing Group Fitness classes in HIIT and Boxing', `experience` = '2 years', `philosophy` = ' Good things dont come easy, otherwise everyone would do it.', `qualification` = 'ISSA Certificate <br> National Fitness Association', `specialication` = 'Weight loss <br> Boxing training <Br> High intensity interval training' WHERE (`trainer_email` = 'trainer11.2@gmail.com');
UPDATE `fitmax`.`trainer` SET `achievement` = 'ISSA Certificate <br> National Fitness Association', `certificate` = 'ISSA Certificate <br> National Fitness Association', `description` = 'I am an all-rounder with experience with weight loss, wellness, boot camps as well as instructing Group Fitness classes in HIIT and Boxing', `experience` = '1 years', `philosophy` = ' \"Planning, commitment and consistency delivers results.\"', `qualification` = 'ISSA Certificate <br> National Fitness Association', `specialication` = 'Weight loss <br> Boxing training <Br> High intensity interval training' WHERE (`trainer_email` = 'trainer11.3@gmail.com');
UPDATE `fitmax`.`trainer` SET `achievement` = 'ISSA Certificate <br> National Fitness Association', `certificate` = 'ISSA Certificate <br> National Fitness Association', `description` = 'I am an all-rounder with experience with weight loss, wellness, boot camps as well as instructing Group Fitness classes in HIIT and Boxing', `experience` = '2 years', `philosophy` = '\"Believe in yourself and your ability to succeed.', `qualification` = 'ISSA Certificate <br> National Fitness Association', `specialication` = 'Weight loss <br> Boxing training <Br> High intensity interval training' WHERE (`trainer_email` = 'trainer11.4@gmail.com');
UPDATE `fitmax`.`trainer` SET `achievement` = 'ISSA Certificate <br> National Fitness Association', `certificate` = 'ISSA Certificate <br> National Fitness Association', `description` = 'I am an all-rounder with experience with weight loss, wellness, boot camps as well as instructing Group Fitness classes in HIIT and Boxing', `experience` = '2 years', `philosophy` = ' \"When the going gets tough, the tough get going.\"', `qualification` = 'ISSA Certificate <br> National Fitness Association', `specialication` = 'Weight loss <br> Boxing training <Br> High intensity interval training' WHERE (`trainer_email` = 'trainer11.5@gmail.com');

update fitmax.user set user.password ='$2a$10$YW.LA1YSfRuV82V8xxFGquSzrgzV0y.yTIYl.P65HJp0lheXdwAEi' where user.user_id between 0 and 100
